,Idx,Name,A,HSM,C,Cut,Wire,None,Path
0,0,10344-405-02-155-2_(1-5)_007.png,0,0,0,1,0,0,D:\VS_CODE\Paper\Datafolder\dataset_0\10344-405-02-155-2_(1-5)_007.png
1,1,10362-783- 154_T1_008.png,1,0,1,1,0,0,D:\VS_CODE\Paper\Datafolder\dataset_0\10362-783- 154_T1_008.png
2,2,10311-343-621_(2)_004.png,1,0,1,1,0,0,D:\VS_CODE\Paper\Datafolder\dataset_0\10311-343-621_(2)_004.png
3,3,10311-343-153_(1-4)_003.png,0,0,0,1,0,0,D:\VS_CODE\Paper\Datafolder\dataset_0\10311-343-153_(1-4)_003.png
4,4,10311-343-153_(4-1)_003.png,0,0,0,1,0,0,D:\VS_CODE\Paper\Datafolder\dataset_0\10311-343-153_(4-1)_003.png
5,5,10346-263-155_004.png,0,0,0,1,0,0,D:\VS_CODE\Paper\Datafolder\dataset_0\10346-263-155_004.png
6,6,10361-541-155_(2-6)_001.png,0,0,0,1,0,0,D:\VS_CODE\Paper\Datafolder\dataset_0\10361-541-155_(2-6)_001.png
7,7,10311-343-621_(1-4)_004.png,1,0,1,1,0,0,D:\VS_CODE\Paper\Datafolder\dataset_0\10311-343-621_(1-4)_004.png
8,8,10311-343-621_007.png,0,0,0,1,0,0,D:\VS_CODE\Paper\Datafolder\dataset_0\10311-343-621_007.png
9,9,10344-405-02-155-2_(3-8)_004.png,0,0,0,1,0,0,D:\VS_CODE\Paper\Datafolder\dataset_0\10344-405-02-155-2_(3-8)_004.png
10,10,10311-343-153_(3-5)_007.png,0,0,0,1,0,0,D:\VS_CODE\Paper\Datafolder\dataset_0\10311-343-153_(3-5)_007.png
11,11,10311-343-621_(3-1)_006.png,0,0,0,1,0,0,D:\VS_CODE\Paper\Datafolder\dataset_0\10311-343-621_(3-1)_006.png
12,12,10344-405-02-155-2_(3-9)_001.png,0,0,0,1,0,0,D:\VS_CODE\Paper\Datafolder\dataset_0\10344-405-02-155-2_(3-9)_001.png
13,13,10352-783-555_004.png,0,0,0,1,0,0,D:\VS_CODE\Paper\Datafolder\dataset_0\10352-783-555_004.png
14,14,10311-343-621_(3-1)_008.png,0,0,0,1,0,0,D:\VS_CODE\Paper\Datafolder\dataset_0\10311-343-621_(3-1)_008.png
15,15,10361-541-155_(2-9)_004.png,0,0,0,1,0,0,D:\VS_CODE\Paper\Datafolder\dataset_0\10361-541-155_(2-9)_004.png
16,16,10311-343-153_(2)_006.png,0,0,0,1,0,0,D:\VS_CODE\Paper\Datafolder\dataset_0\10311-343-153_(2)_006.png
17,17,110276_211_008.png,0,0,0,0,1,0,D:\VS_CODE\Paper\Datafolder\dataset_0\110276_211_008.png
18,18,10311-343-153_(3-4)_004.png,0,0,0,1,0,0,D:\VS_CODE\Paper\Datafolder\dataset_0\10311-343-153_(3-4)_004.png
19,19,10311-343-621_(1)_003.png,0,0,0,1,0,0,D:\VS_CODE\Paper\Datafolder\dataset_0\10311-343-621_(1)_003.png
20,20,10344-405-02-155-2_(2-8)_003.png,0,0,0,1,0,0,D:\VS_CODE\Paper\Datafolder\dataset_0\10344-405-02-155-2_(2-8)_003.png
21,21,10344-405-02-155-2_(3-6)_004.png,0,0,0,1,0,0,D:\VS_CODE\Paper\Datafolder\dataset_0\10344-405-02-155-2_(3-6)_004.png
22,22,10344-405-02-155-2_(2-9)_004.png,0,0,0,1,0,0,D:\VS_CODE\Paper\Datafolder\dataset_0\10344-405-02-155-2_(2-9)_004.png
23,23,10344-405-02-155-2_(2-8)_002.png,0,0,0,1,0,0,D:\VS_CODE\Paper\Datafolder\dataset_0\10344-405-02-155-2_(2-8)_002.png
24,24,10344-405-02-155-2_(3-8)_002.png,0,0,0,1,0,0,D:\VS_CODE\Paper\Datafolder\dataset_0\10344-405-02-155-2_(3-8)_002.png
25,25,10311-343-153_(4-4)_006.png,0,0,0,1,0,0,D:\VS_CODE\Paper\Datafolder\dataset_0\10311-343-153_(4-4)_006.png
26,26,10311-343-153_(2-5)_004.png,0,0,0,1,0,0,D:\VS_CODE\Paper\Datafolder\dataset_0\10311-343-153_(2-5)_004.png
27,27,10311-343-621_(1-3)_006.png,0,0,0,1,0,0,D:\VS_CODE\Paper\Datafolder\dataset_0\10311-343-621_(1-3)_006.png
28,28,10344-405-02-155-2_(2-4)_001.png,0,0,0,1,0,0,D:\VS_CODE\Paper\Datafolder\dataset_0\10344-405-02-155-2_(2-4)_001.png
29,29,110276_211_006.png,0,0,0,1,1,0,D:\VS_CODE\Paper\Datafolder\dataset_0\110276_211_006.png
30,30,10361-541-155_(2-7)_003.png,0,0,0,1,0,0,D:\VS_CODE\Paper\Datafolder\dataset_0\10361-541-155_(2-7)_003.png
31,31,10311-343-621_(3-2)_006.png,0,0,0,1,0,0,D:\VS_CODE\Paper\Datafolder\dataset_0\10311-343-621_(3-2)_006.png
32,32,10381-103-501_006.png,0,0,0,1,0,0,D:\VS_CODE\Paper\Datafolder\dataset_0\10381-103-501_006.png
33,33,10344-405-02-155-2_(1-7)_006.png,1,0,1,1,0,0,D:\VS_CODE\Paper\Datafolder\dataset_0\10344-405-02-155-2_(1-7)_006.png
34,34,10344-405-02-155-2_(2-2)_007.png,0,0,0,1,0,0,D:\VS_CODE\Paper\Datafolder\dataset_0\10344-405-02-155-2_(2-2)_007.png
35,35,10346-263-155_007.png,0,0,0,1,0,0,D:\VS_CODE\Paper\Datafolder\dataset_0\10346-263-155_007.png
36,36,10311-343-153_(4-1)_007.png,0,0,0,1,0,0,D:\VS_CODE\Paper\Datafolder\dataset_0\10311-343-153_(4-1)_007.png
37,37,110257_111_004.png,0,0,0,1,0,0,D:\VS_CODE\Paper\Datafolder\dataset_0\110257_111_004.png
38,38,10342-203-154_007.png,0,0,0,1,0,0,D:\VS_CODE\Paper\Datafolder\dataset_0\10342-203-154_007.png
39,39,10311-343-153_(2-5)_007.png,0,0,0,1,0,0,D:\VS_CODE\Paper\Datafolder\dataset_0\10311-343-153_(2-5)_007.png
40,40,10311-343-153_(2-3)_006.png,0,0,0,1,0,0,D:\VS_CODE\Paper\Datafolder\dataset_0\10311-343-153_(2-3)_006.png
41,41,10311-343-153_(1-6)_001.png,0,0,0,1,0,0,D:\VS_CODE\Paper\Datafolder\dataset_0\10311-343-153_(1-6)_001.png
42,42,10311-343-153_(2-5)_008.png,1,0,1,1,0,0,D:\VS_CODE\Paper\Datafolder\dataset_0\10311-343-153_(2-5)_008.png
43,43,10344-405-02-155-2_(1-3)_002.png,0,0,0,1,0,0,D:\VS_CODE\Paper\Datafolder\dataset_0\10344-405-02-155-2_(1-3)_002.png
44,44,10311-343-153_(2-3)_007.png,0,0,0,1,0,0,D:\VS_CODE\Paper\Datafolder\dataset_0\10311-343-153_(2-3)_007.png
45,45,10311-343-153_(3-4)_002.png,0,0,0,1,0,0,D:\VS_CODE\Paper\Datafolder\dataset_0\10311-343-153_(3-4)_002.png
46,46,10311-343-621_(1-5)_003.png,0,0,0,1,0,0,D:\VS_CODE\Paper\Datafolder\dataset_0\10311-343-621_(1-5)_003.png
47,47,10311-343-621_(1-7)_003.png,0,0,0,1,0,0,D:\VS_CODE\Paper\Datafolder\dataset_0\10311-343-621_(1-7)_003.png
48,48,10311-343-153_(4)_003.png,0,0,0,1,0,0,D:\VS_CODE\Paper\Datafolder\dataset_0\10311-343-153_(4)_003.png
49,49,10361-541-155_(2-7)_004.png,0,0,0,1,0,0,D:\VS_CODE\Paper\Datafolder\dataset_0\10361-541-155_(2-7)_004.png
50,50,10344-405-02-155-2_(3-1)_006.png,1,0,1,1,0,0,D:\VS_CODE\Paper\Datafolder\dataset_0\10344-405-02-155-2_(3-1)_006.png
51,51,10344-405-02-155-2_(1-8)_004.png,0,0,0,1,0,0,D:\VS_CODE\Paper\Datafolder\dataset_0\10344-405-02-155-2_(1-8)_004.png
52,52,10311-343-621_(1-8)_003.png,0,0,0,1,0,0,D:\VS_CODE\Paper\Datafolder\dataset_0\10311-343-621_(1-8)_003.png
53,53,10311-343-621_(2-8)_006.png,0,0,0,1,0,0,D:\VS_CODE\Paper\Datafolder\dataset_0\10311-343-621_(2-8)_006.png
54,54,10361-541-155_(2)_004.png,0,0,0,1,0,0,D:\VS_CODE\Paper\Datafolder\dataset_0\10361-541-155_(2)_004.png
55,55,10311-343-153_(4-2)_008.png,1,0,1,1,0,0,D:\VS_CODE\Paper\Datafolder\dataset_0\10311-343-153_(4-2)_008.png
56,56,10311-343-153_(3-4)_008.png,1,0,1,1,0,0,D:\VS_CODE\Paper\Datafolder\dataset_0\10311-343-153_(3-4)_008.png
57,57,10311-343-153_(3-1)_008.png,1,0,1,1,0,0,D:\VS_CODE\Paper\Datafolder\dataset_0\10311-343-153_(3-1)_008.png
58,58,10361-541-155_(1-4)_007.png,0,0,0,1,0,0,D:\VS_CODE\Paper\Datafolder\dataset_0\10361-541-155_(1-4)_007.png
59,59,10344-405-02-155-2_(3-7)_007.png,0,0,0,1,0,0,D:\VS_CODE\Paper\Datafolder\dataset_0\10344-405-02-155-2_(3-7)_007.png
60,60,10311-343-621_(2-2)_008.png,0,0,0,1,0,0,D:\VS_CODE\Paper\Datafolder\dataset_0\10311-343-621_(2-2)_008.png
61,61,10311-343-621_(3-10)_003.png,0,0,0,1,0,0,D:\VS_CODE\Paper\Datafolder\dataset_0\10311-343-621_(3-10)_003.png
62,62,10344-405-02-155-2_003.png,0,0,0,1,0,0,D:\VS_CODE\Paper\Datafolder\dataset_0\10344-405-02-155-2_003.png
63,63,10311-343-153_(5-2)_003.png,0,0,0,1,0,0,D:\VS_CODE\Paper\Datafolder\dataset_0\10311-343-153_(5-2)_003.png
64,64,10344-405-02-155-2_(2-9)_003.png,0,0,0,1,0,0,D:\VS_CODE\Paper\Datafolder\dataset_0\10344-405-02-155-2_(2-9)_003.png
65,65,10344-405-02-155-2_(3-4)_002.png,0,0,0,1,0,0,D:\VS_CODE\Paper\Datafolder\dataset_0\10344-405-02-155-2_(3-4)_002.png
66,66,10311-343-621_(2-3)_003.png,0,0,0,1,0,0,D:\VS_CODE\Paper\Datafolder\dataset_0\10311-343-621_(2-3)_003.png
67,67,10311-343-153_(1-2)_006.png,0,0,0,1,0,0,D:\VS_CODE\Paper\Datafolder\dataset_0\10311-343-153_(1-2)_006.png
68,68,10311-343-153_(4-2)_007.png,0,0,0,1,0,0,D:\VS_CODE\Paper\Datafolder\dataset_0\10311-343-153_(4-2)_007.png
69,69,10352-783-152_001.png,0,0,0,1,0,0,D:\VS_CODE\Paper\Datafolder\dataset_0\10352-783-152_001.png
70,70,10311-343-153_(1-1)_002.png,0,0,0,1,0,0,D:\VS_CODE\Paper\Datafolder\dataset_0\10311-343-153_(1-1)_002.png
71,71,10311-343-621_(1-7)_008.png,0,0,0,1,0,0,D:\VS_CODE\Paper\Datafolder\dataset_0\10311-343-621_(1-7)_008.png
72,72,10344-405-02-155-2_(1-4)_003.png,0,0,0,1,0,0,D:\VS_CODE\Paper\Datafolder\dataset_0\10344-405-02-155-2_(1-4)_003.png
73,73,10339-783-554_004.png,0,0,0,1,0,0,D:\VS_CODE\Paper\Datafolder\dataset_0\10339-783-554_004.png
74,74,10361-541-155_(2-5)_003.png,0,0,0,1,0,0,D:\VS_CODE\Paper\Datafolder\dataset_0\10361-541-155_(2-5)_003.png
75,75,10311-343-153_(4-5)_006.png,0,0,0,1,0,0,D:\VS_CODE\Paper\Datafolder\dataset_0\10311-343-153_(4-5)_006.png
76,76,10361-541-155_(3-1)_001.png,0,0,0,1,0,0,D:\VS_CODE\Paper\Datafolder\dataset_0\10361-541-155_(3-1)_001.png
77,77,10311-343-153_(5-3)_008.png,1,0,1,1,0,0,D:\VS_CODE\Paper\Datafolder\dataset_0\10311-343-153_(5-3)_008.png
78,78,10352-603-153_T1_004.png,0,0,0,1,0,0,D:\VS_CODE\Paper\Datafolder\dataset_0\10352-603-153_T1_004.png
79,79,10344-405-02-155-2_(3-6)_003.png,0,0,0,1,0,0,D:\VS_CODE\Paper\Datafolder\dataset_0\10344-405-02-155-2_(3-6)_003.png
80,80,10344-405-02-155-2_(1-3)_004.png,0,0,0,1,0,0,D:\VS_CODE\Paper\Datafolder\dataset_0\10344-405-02-155-2_(1-3)_004.png
81,81,10311-343-153_(5-3)_002.png,0,0,0,1,0,0,D:\VS_CODE\Paper\Datafolder\dataset_0\10311-343-153_(5-3)_002.png
82,82,10344-405-02-155-2_(3-7)_008.png,0,0,0,1,0,0,D:\VS_CODE\Paper\Datafolder\dataset_0\10344-405-02-155-2_(3-7)_008.png
83,83,10344-405-02-155-2_(2-4)_004.png,0,0,0,1,0,0,D:\VS_CODE\Paper\Datafolder\dataset_0\10344-405-02-155-2_(2-4)_004.png
84,84,10311-343-621_(3-8)_004.png,1,0,1,1,0,0,D:\VS_CODE\Paper\Datafolder\dataset_0\10311-343-621_(3-8)_004.png
85,85,10381-103-501_008.png,0,1,0,1,0,0,D:\VS_CODE\Paper\Datafolder\dataset_0\10381-103-501_008.png
86,86,10311-343-621_(3-2)_004.png,1,0,1,1,0,0,D:\VS_CODE\Paper\Datafolder\dataset_0\10311-343-621_(3-2)_004.png
87,87,10311-343-621_(2-4)_004.png,1,0,1,1,0,0,D:\VS_CODE\Paper\Datafolder\dataset_0\10311-343-621_(2-4)_004.png
88,88,10311-343-621_(3-1)_004.png,1,0,1,1,0,0,D:\VS_CODE\Paper\Datafolder\dataset_0\10311-343-621_(3-1)_004.png
89,89,10361-541-155_(1-2)_001.png,0,0,0,1,0,0,D:\VS_CODE\Paper\Datafolder\dataset_0\10361-541-155_(1-2)_001.png
90,90,10344-405-02-155-2_(2-3)_007.png,0,0,0,1,0,0,D:\VS_CODE\Paper\Datafolder\dataset_0\10344-405-02-155-2_(2-3)_007.png
91,91,10311-343-153_(2-1)_008.png,1,0,1,1,0,0,D:\VS_CODE\Paper\Datafolder\dataset_0\10311-343-153_(2-1)_008.png
92,92,10311-343-153_(3-2)_002.png,0,0,0,1,0,0,D:\VS_CODE\Paper\Datafolder\dataset_0\10311-343-153_(3-2)_002.png
93,93,10311-343-621_(3-8)_008.png,0,0,0,1,0,0,D:\VS_CODE\Paper\Datafolder\dataset_0\10311-343-621_(3-8)_008.png
94,94,10311-343-153_002.png,0,0,0,1,0,0,D:\VS_CODE\Paper\Datafolder\dataset_0\10311-343-153_002.png
95,95,10311-343-621_(3-10)_006.png,0,0,0,1,0,0,D:\VS_CODE\Paper\Datafolder\dataset_0\10311-343-621_(3-10)_006.png
96,96,110286_217_006.png,0,0,0,1,1,0,D:\VS_CODE\Paper\Datafolder\dataset_0\110286_217_006.png
97,97,10339-783-554_002.png,0,0,0,1,0,0,D:\VS_CODE\Paper\Datafolder\dataset_0\10339-783-554_002.png
98,98,10344-405-02-155-2_(2-8)_007.png,0,0,0,1,0,0,D:\VS_CODE\Paper\Datafolder\dataset_0\10344-405-02-155-2_(2-8)_007.png
99,99,10361-541-155_(2-9)_007.png,0,0,0,1,0,0,D:\VS_CODE\Paper\Datafolder\dataset_0\10361-541-155_(2-9)_007.png
100,100,10311-343-621_(1-8)_001.png,0,0,0,1,0,0,D:\VS_CODE\Paper\Datafolder\dataset_0\10311-343-621_(1-8)_001.png
101,101,10311-343-153_(1-5)_006.png,0,0,0,1,0,0,D:\VS_CODE\Paper\Datafolder\dataset_0\10311-343-153_(1-5)_006.png
102,102,10311-343-153_(4-1)_004.png,0,0,0,1,0,0,D:\VS_CODE\Paper\Datafolder\dataset_0\10311-343-153_(4-1)_004.png
103,103,10311-343-621_(3-4)_008.png,0,0,0,1,0,0,D:\VS_CODE\Paper\Datafolder\dataset_0\10311-343-621_(3-4)_008.png
104,104,10311-343-153_(5)_007.png,0,0,0,1,0,0,D:\VS_CODE\Paper\Datafolder\dataset_0\10311-343-153_(5)_007.png
105,105,10311-343-621_(3-3)_007.png,0,0,0,1,0,0,D:\VS_CODE\Paper\Datafolder\dataset_0\10311-343-621_(3-3)_007.png
106,106,10344-405-02-155-2_(2)_003.png,0,0,0,1,0,0,D:\VS_CODE\Paper\Datafolder\dataset_0\10344-405-02-155-2_(2)_003.png
107,107,10311-343-153_(3)_002.png,0,0,0,1,0,0,D:\VS_CODE\Paper\Datafolder\dataset_0\10311-343-153_(3)_002.png
108,108,10346-263-155_008.png,1,0,1,1,0,0,D:\VS_CODE\Paper\Datafolder\dataset_0\10346-263-155_008.png
109,109,10344-405-02-155-2_(2-2)_006.png,1,0,1,1,0,0,D:\VS_CODE\Paper\Datafolder\dataset_0\10344-405-02-155-2_(2-2)_006.png
110,110,10344-405-02-155-2_(1-7)_007.png,0,0,0,1,0,0,D:\VS_CODE\Paper\Datafolder\dataset_0\10344-405-02-155-2_(1-7)_007.png
111,111,10344-405-02-155-2_(2)_002.png,0,0,0,1,0,0,D:\VS_CODE\Paper\Datafolder\dataset_0\10344-405-02-155-2_(2)_002.png
112,112,10311-343-153_(2-1)_007.png,0,0,0,1,0,0,D:\VS_CODE\Paper\Datafolder\dataset_0\10311-343-153_(2-1)_007.png
113,113,10361-541-155_(2)_001.png,0,0,0,1,0,0,D:\VS_CODE\Paper\Datafolder\dataset_0\10361-541-155_(2)_001.png
114,114,10361-541-155_(2-8)_001.png,0,0,0,1,0,0,D:\VS_CODE\Paper\Datafolder\dataset_0\10361-541-155_(2-8)_001.png
115,115,10311-343-153_(3-5)_001.png,0,0,0,1,0,0,D:\VS_CODE\Paper\Datafolder\dataset_0\10311-343-153_(3-5)_001.png
116,116,10344-405-02-155-2_(2-1)_003.png,0,0,0,1,0,0,D:\VS_CODE\Paper\Datafolder\dataset_0\10344-405-02-155-2_(2-1)_003.png
117,117,10311-343-621_(2-7)_006.png,0,0,0,1,0,0,D:\VS_CODE\Paper\Datafolder\dataset_0\10311-343-621_(2-7)_006.png
118,118,10344-405-02-155-2_(2-5)_007.png,0,0,0,1,0,0,D:\VS_CODE\Paper\Datafolder\dataset_0\10344-405-02-155-2_(2-5)_007.png
119,119,10361-541-155_(2-2)_003.png,0,0,0,1,0,0,D:\VS_CODE\Paper\Datafolder\dataset_0\10361-541-155_(2-2)_003.png
120,120,10311-343-621_(3)_006.png,0,0,0,1,0,0,D:\VS_CODE\Paper\Datafolder\dataset_0\10311-343-621_(3)_006.png
121,121,10311-343-621_(3-5)_007.png,0,0,0,1,0,0,D:\VS_CODE\Paper\Datafolder\dataset_0\10311-343-621_(3-5)_007.png
122,122,10311-343-621_(1)_004.png,1,0,1,1,0,0,D:\VS_CODE\Paper\Datafolder\dataset_0\10311-343-621_(1)_004.png
123,123,10311-343-153_(4-5)_004.png,0,0,0,1,0,0,D:\VS_CODE\Paper\Datafolder\dataset_0\10311-343-153_(4-5)_004.png
124,124,10361-541-155_(2-1)_003.png,0,0,0,1,0,0,D:\VS_CODE\Paper\Datafolder\dataset_0\10361-541-155_(2-1)_003.png
125,125,10311-343-621_(3-2)_001.png,0,0,0,1,0,0,D:\VS_CODE\Paper\Datafolder\dataset_0\10311-343-621_(3-2)_001.png
126,126,10344-405-02-155-2_(2-5)_004.png,0,0,0,1,0,0,D:\VS_CODE\Paper\Datafolder\dataset_0\10344-405-02-155-2_(2-5)_004.png
127,127,10311-343-153_(2-4)_007.png,0,0,0,1,0,0,D:\VS_CODE\Paper\Datafolder\dataset_0\10311-343-153_(2-4)_007.png
128,128,10311-343-621_(1-7)_004.png,1,0,1,1,0,0,D:\VS_CODE\Paper\Datafolder\dataset_0\10311-343-621_(1-7)_004.png
129,129,10311-343-621_(1-2)_006.png,0,0,0,1,0,0,D:\VS_CODE\Paper\Datafolder\dataset_0\10311-343-621_(1-2)_006.png
130,130,210713_151-1A_T1_008.png,0,0,0,1,0,0,D:\VS_CODE\Paper\Datafolder\dataset_0\210713_151-1A_T1_008.png
131,131,10344-405-02-155-2_(1)_003.png,0,0,0,1,0,0,D:\VS_CODE\Paper\Datafolder\dataset_0\10344-405-02-155-2_(1)_003.png
132,132,10344-405-02-155-2_(1-1)_001.png,0,0,0,1,0,0,D:\VS_CODE\Paper\Datafolder\dataset_0\10344-405-02-155-2_(1-1)_001.png
133,133,10311-343-153_(4-4)_002.png,0,0,0,1,0,0,D:\VS_CODE\Paper\Datafolder\dataset_0\10311-343-153_(4-4)_002.png
134,134,10344-405-02-155-2_(2-3)_004.png,0,0,0,1,0,0,D:\VS_CODE\Paper\Datafolder\dataset_0\10344-405-02-155-2_(2-3)_004.png
135,135,10346-263-155_006.png,0,0,0,1,0,0,D:\VS_CODE\Paper\Datafolder\dataset_0\10346-263-155_006.png
136,136,10311-343-621_(1)_007.png,0,0,0,1,0,0,D:\VS_CODE\Paper\Datafolder\dataset_0\10311-343-621_(1)_007.png
137,137,10371-103-621_006.png,0,0,0,1,1,0,D:\VS_CODE\Paper\Datafolder\dataset_0\10371-103-621_006.png
138,138,10311-343-621_(3-9)_006.png,0,0,0,1,0,0,D:\VS_CODE\Paper\Datafolder\dataset_0\10311-343-621_(3-9)_006.png
139,139,10311-343-621_(1)_008.png,0,0,0,1,0,0,D:\VS_CODE\Paper\Datafolder\dataset_0\10311-343-621_(1)_008.png
140,140,10344-405-02-155-2_(3-8)_001.png,0,0,0,1,0,0,D:\VS_CODE\Paper\Datafolder\dataset_0\10344-405-02-155-2_(3-8)_001.png
141,141,10344-405-02-155-2_(3-3)_002.png,0,0,0,1,0,0,D:\VS_CODE\Paper\Datafolder\dataset_0\10344-405-02-155-2_(3-3)_002.png
142,142,10352-783-06-621_007.png,0,0,0,1,0,0,D:\VS_CODE\Paper\Datafolder\dataset_0\10352-783-06-621_007.png
143,143,10311-343-153_(3-3)_008.png,1,0,1,1,0,0,D:\VS_CODE\Paper\Datafolder\dataset_0\10311-343-153_(3-3)_008.png
144,144,10311-343-621_(3-9)_004.png,1,0,1,1,0,0,D:\VS_CODE\Paper\Datafolder\dataset_0\10311-343-621_(3-9)_004.png
145,145,10344-405-02-155-2_(3-8)_007.png,0,0,0,1,0,0,D:\VS_CODE\Paper\Datafolder\dataset_0\10344-405-02-155-2_(3-8)_007.png
146,146,10361-541-155_(2-4)_003.png,0,0,0,1,0,0,D:\VS_CODE\Paper\Datafolder\dataset_0\10361-541-155_(2-4)_003.png
147,147,10311-343-153_(1-4)_006.png,0,0,0,1,0,0,D:\VS_CODE\Paper\Datafolder\dataset_0\10311-343-153_(1-4)_006.png
148,148,10352-783-152_002.png,0,0,0,1,0,0,D:\VS_CODE\Paper\Datafolder\dataset_0\10352-783-152_002.png
149,149,10311-343-153_(1-1)_007.png,0,0,0,1,0,0,D:\VS_CODE\Paper\Datafolder\dataset_0\10311-343-153_(1-1)_007.png
150,150,10361-541-155_(1-4)_004.png,0,0,0,1,0,0,D:\VS_CODE\Paper\Datafolder\dataset_0\10361-541-155_(1-4)_004.png
151,151,10311-343-621_(3-5)_006.png,0,0,0,1,0,0,D:\VS_CODE\Paper\Datafolder\dataset_0\10311-343-621_(3-5)_006.png
152,152,10311-343-153_(1-1)_008.png,1,0,1,1,0,0,D:\VS_CODE\Paper\Datafolder\dataset_0\10311-343-153_(1-1)_008.png
153,153,10371-103-621_004.png,1,0,1,1,0,0,D:\VS_CODE\Paper\Datafolder\dataset_0\10371-103-621_004.png
154,154,10311-343-621_(3-5)_004.png,1,0,1,1,0,0,D:\VS_CODE\Paper\Datafolder\dataset_0\10311-343-621_(3-5)_004.png
155,155,10352-783-06-621_001.png,0,0,0,1,0,0,D:\VS_CODE\Paper\Datafolder\dataset_0\10352-783-06-621_001.png
156,156,10311-343-621_(3-6)_003.png,0,0,0,1,0,0,D:\VS_CODE\Paper\Datafolder\dataset_0\10311-343-621_(3-6)_003.png
157,157,10311-343-621_(1)_006.png,0,0,0,1,0,0,D:\VS_CODE\Paper\Datafolder\dataset_0\10311-343-621_(1)_006.png
158,158,10361-541-155_(2-8)_006.png,1,0,1,1,0,0,D:\VS_CODE\Paper\Datafolder\dataset_0\10361-541-155_(2-8)_006.png
159,159,10344-405-02-155-2_(1-6)_001.png,0,0,0,1,0,0,D:\VS_CODE\Paper\Datafolder\dataset_0\10344-405-02-155-2_(1-6)_001.png
160,160,10311-343-621_(3-1)_007.png,0,0,0,1,0,0,D:\VS_CODE\Paper\Datafolder\dataset_0\10311-343-621_(3-1)_007.png
161,161,10361-541-155_(2-2)_002.png,0,0,0,1,0,0,D:\VS_CODE\Paper\Datafolder\dataset_0\10361-541-155_(2-2)_002.png
162,162,10311-343-621_(3-3)_001.png,0,0,0,1,0,0,D:\VS_CODE\Paper\Datafolder\dataset_0\10311-343-621_(3-3)_001.png
163,163,10361-541-155_(3-8)_006.png,1,0,1,1,0,0,D:\VS_CODE\Paper\Datafolder\dataset_0\10361-541-155_(3-8)_006.png
164,164,10344-405-02-155-2_(3-2)_003.png,0,0,0,1,0,0,D:\VS_CODE\Paper\Datafolder\dataset_0\10344-405-02-155-2_(3-2)_003.png
165,165,10311-343-153_(4)_006.png,0,0,0,1,0,0,D:\VS_CODE\Paper\Datafolder\dataset_0\10311-343-153_(4)_006.png
166,166,10311-343-153_(3-2)_004.png,0,0,0,1,0,0,D:\VS_CODE\Paper\Datafolder\dataset_0\10311-343-153_(3-2)_004.png
167,167,10311-343-153_(3)_001.png,0,0,0,1,0,0,D:\VS_CODE\Paper\Datafolder\dataset_0\10311-343-153_(3)_001.png
168,168,10311-343-153_(1-6)_008.png,1,0,1,1,0,0,D:\VS_CODE\Paper\Datafolder\dataset_0\10311-343-153_(1-6)_008.png
169,169,10311-343-153_(2)_008.png,1,0,1,1,0,0,D:\VS_CODE\Paper\Datafolder\dataset_0\10311-343-153_(2)_008.png
170,170,10344-405-02-155-2_(1-2)_004.png,0,0,0,1,0,0,D:\VS_CODE\Paper\Datafolder\dataset_0\10344-405-02-155-2_(1-2)_004.png
171,171,10344-405-02-155-2_(2)_006.png,1,0,1,1,0,0,D:\VS_CODE\Paper\Datafolder\dataset_0\10344-405-02-155-2_(2)_006.png
172,172,10311-343-153_(4-2)_002.png,0,0,0,1,0,0,D:\VS_CODE\Paper\Datafolder\dataset_0\10311-343-153_(4-2)_002.png
173,173,10344-405-02-155-2_(1-5)_001.png,0,0,0,1,0,0,D:\VS_CODE\Paper\Datafolder\dataset_0\10344-405-02-155-2_(1-5)_001.png
174,174,10352-603-154_T1_003.png,0,0,0,1,0,0,D:\VS_CODE\Paper\Datafolder\dataset_0\10352-603-154_T1_003.png
175,175,110284_110_006.png,0,0,0,1,1,0,D:\VS_CODE\Paper\Datafolder\dataset_0\110284_110_006.png
176,176,10361-541-155_(3)_002.png,0,0,0,1,0,0,D:\VS_CODE\Paper\Datafolder\dataset_0\10361-541-155_(3)_002.png
177,177,10311-343-621_(1-1)_001.png,0,0,0,1,0,0,D:\VS_CODE\Paper\Datafolder\dataset_0\10311-343-621_(1-1)_001.png
178,178,10311-343-621_(2-3)_006.png,0,0,0,1,0,0,D:\VS_CODE\Paper\Datafolder\dataset_0\10311-343-621_(2-3)_006.png
179,179,10311-343-153_(4-3)_007.png,0,0,0,1,0,0,D:\VS_CODE\Paper\Datafolder\dataset_0\10311-343-153_(4-3)_007.png
180,180,10311-343-153_(2-4)_002.png,0,0,0,1,0,0,D:\VS_CODE\Paper\Datafolder\dataset_0\10311-343-153_(2-4)_002.png
181,181,10311-343-621_(1-4)_001.png,0,0,0,1,0,0,D:\VS_CODE\Paper\Datafolder\dataset_0\10311-343-621_(1-4)_001.png
182,182,10344-405-02-155-2_(2-2)_002.png,0,0,0,1,0,0,D:\VS_CODE\Paper\Datafolder\dataset_0\10344-405-02-155-2_(2-2)_002.png
183,183,210902_114_008.png,0,0,0,1,0,0,D:\VS_CODE\Paper\Datafolder\dataset_0\210902_114_008.png
184,184,10342-203-154_002.png,0,0,0,1,0,0,D:\VS_CODE\Paper\Datafolder\dataset_0\10342-203-154_002.png
185,185,10344-405-02-155-2_(3-5)_007.png,0,0,0,1,0,0,D:\VS_CODE\Paper\Datafolder\dataset_0\10344-405-02-155-2_(3-5)_007.png
186,186,10311-343-153_(3-2)_003.png,0,0,0,1,0,0,D:\VS_CODE\Paper\Datafolder\dataset_0\10311-343-153_(3-2)_003.png
187,187,10361-541-155_(1-2)_006.png,1,0,1,1,0,0,D:\VS_CODE\Paper\Datafolder\dataset_0\10361-541-155_(1-2)_006.png
188,188,10311-343-621_(1-2)_003.png,0,0,0,1,0,0,D:\VS_CODE\Paper\Datafolder\dataset_0\10311-343-621_(1-2)_003.png
189,189,10361-541-155_(1-6)_002.png,0,0,0,1,0,0,D:\VS_CODE\Paper\Datafolder\dataset_0\10361-541-155_(1-6)_002.png
190,190,10344-405-02-155-2_(3-8)_008.png,0,0,0,1,0,0,D:\VS_CODE\Paper\Datafolder\dataset_0\10344-405-02-155-2_(3-8)_008.png
191,191,10344-405-02-155-2_(2-3)_003.png,0,0,0,1,0,0,D:\VS_CODE\Paper\Datafolder\dataset_0\10344-405-02-155-2_(2-3)_003.png
192,192,10311-343-153_(1-4)_004.png,0,0,0,1,0,0,D:\VS_CODE\Paper\Datafolder\dataset_0\10311-343-153_(1-4)_004.png
193,193,10311-343-621_(1-3)_007.png,0,0,0,1,0,0,D:\VS_CODE\Paper\Datafolder\dataset_0\10311-343-621_(1-3)_007.png
194,194,10311-343-621_(1-8)_006.png,0,0,0,1,0,0,D:\VS_CODE\Paper\Datafolder\dataset_0\10311-343-621_(1-8)_006.png
195,195,10344-405-02-155-2_(2-1)_001.png,0,0,0,1,0,0,D:\VS_CODE\Paper\Datafolder\dataset_0\10344-405-02-155-2_(2-1)_001.png
196,196,10371-103-621_008.png,0,0,0,1,1,0,D:\VS_CODE\Paper\Datafolder\dataset_0\10371-103-621_008.png
197,197,10344-405-02-155-2_(1-3)_001.png,0,0,0,1,0,0,D:\VS_CODE\Paper\Datafolder\dataset_0\10344-405-02-155-2_(1-3)_001.png
198,198,10311-343-153_(2-1)_006.png,0,0,0,1,0,0,D:\VS_CODE\Paper\Datafolder\dataset_0\10311-343-153_(2-1)_006.png
199,199,10344-405-02-155-2_(1)_004.png,0,0,0,1,0,0,D:\VS_CODE\Paper\Datafolder\dataset_0\10344-405-02-155-2_(1)_004.png
200,200,10311-343-153_(3-1)_004.png,0,0,0,1,0,0,D:\VS_CODE\Paper\Datafolder\dataset_0\10311-343-153_(3-1)_004.png
201,201,10344-405-621-1_006.png,0,0,0,1,1,0,D:\VS_CODE\Paper\Datafolder\dataset_0\10344-405-621-1_006.png
202,202,10352-603-621_001.png,0,0,0,1,0,0,D:\VS_CODE\Paper\Datafolder\dataset_0\10352-603-621_001.png
203,203,10311-343-621_(1-3)_003.png,0,0,0,1,0,0,D:\VS_CODE\Paper\Datafolder\dataset_0\10311-343-621_(1-3)_003.png
204,204,10339-783-554_007.png,0,0,0,1,0,0,D:\VS_CODE\Paper\Datafolder\dataset_0\10339-783-554_007.png
205,205,10352-783-555_008.png,0,0,0,1,1,0,D:\VS_CODE\Paper\Datafolder\dataset_0\10352-783-555_008.png
206,206,10344-405-02-155-2_(3-1)_003.png,0,0,0,1,0,0,D:\VS_CODE\Paper\Datafolder\dataset_0\10344-405-02-155-2_(3-1)_003.png
207,207,10311-343-621_(1-1)_004.png,1,0,1,1,0,0,D:\VS_CODE\Paper\Datafolder\dataset_0\10311-343-621_(1-1)_004.png
208,208,10344-405-02-155-2_001.png,0,0,0,1,0,0,D:\VS_CODE\Paper\Datafolder\dataset_0\10344-405-02-155-2_001.png
209,209,10344-405-02-155-2_(3-4)_001.png,0,0,0,1,0,0,D:\VS_CODE\Paper\Datafolder\dataset_0\10344-405-02-155-2_(3-4)_001.png
210,210,10311-343-621_(3-2)_008.png,0,0,0,1,0,0,D:\VS_CODE\Paper\Datafolder\dataset_0\10311-343-621_(3-2)_008.png
211,211,10361-541-155_(1-7)_002.png,0,0,0,1,0,0,D:\VS_CODE\Paper\Datafolder\dataset_0\10361-541-155_(1-7)_002.png
212,212,10311-343-621_(3-7)_001.png,0,0,0,1,0,0,D:\VS_CODE\Paper\Datafolder\dataset_0\10311-343-621_(3-7)_001.png
213,213,10311-343-621_(1-2)_001.png,0,0,0,1,0,0,D:\VS_CODE\Paper\Datafolder\dataset_0\10311-343-621_(1-2)_001.png
214,214,10344-405-02-155-2_(3)_003.png,0,0,0,1,0,0,D:\VS_CODE\Paper\Datafolder\dataset_0\10344-405-02-155-2_(3)_003.png
215,215,10311-343-153_(1-2)_002.png,0,0,0,1,0,0,D:\VS_CODE\Paper\Datafolder\dataset_0\10311-343-153_(1-2)_002.png
216,216,10311-343-621_(2-5)_006.png,0,0,0,1,0,0,D:\VS_CODE\Paper\Datafolder\dataset_0\10311-343-621_(2-5)_006.png
217,217,10311-343-153_(1-6)_002.png,0,0,0,1,0,0,D:\VS_CODE\Paper\Datafolder\dataset_0\10311-343-153_(1-6)_002.png
218,218,10429-163-152_008.png,1,0,1,1,0,0,D:\VS_CODE\Paper\Datafolder\dataset_0\10429-163-152_008.png
219,219,10344-405-02-155-2_(3-1)_002.png,0,0,0,1,0,0,D:\VS_CODE\Paper\Datafolder\dataset_0\10344-405-02-155-2_(3-1)_002.png
220,220,10344-405-02-155-2_(3-8)_003.png,0,0,0,1,0,0,D:\VS_CODE\Paper\Datafolder\dataset_0\10344-405-02-155-2_(3-8)_003.png
221,221,10344-405-02-155-2_(2-5)_006.png,1,0,1,1,0,0,D:\VS_CODE\Paper\Datafolder\dataset_0\10344-405-02-155-2_(2-5)_006.png
222,222,10344-405-02-155-2_(3-5)_003.png,0,0,0,1,0,0,D:\VS_CODE\Paper\Datafolder\dataset_0\10344-405-02-155-2_(3-5)_003.png
223,223,10311-343-621_(3-1)_001.png,0,0,0,1,0,0,D:\VS_CODE\Paper\Datafolder\dataset_0\10311-343-621_(3-1)_001.png
224,224,10361-541-155_(2-5)_007.png,0,0,0,1,0,0,D:\VS_CODE\Paper\Datafolder\dataset_0\10361-541-155_(2-5)_007.png
225,225,10361-541-155_(2-7)_002.png,1,0,1,1,0,0,D:\VS_CODE\Paper\Datafolder\dataset_0\10361-541-155_(2-7)_002.png
226,226,10344-405-02-155-2_(1-8)_003.png,0,0,0,1,0,0,D:\VS_CODE\Paper\Datafolder\dataset_0\10344-405-02-155-2_(1-8)_003.png
227,227,10311-343-621_(1-4)_008.png,0,0,0,1,0,0,D:\VS_CODE\Paper\Datafolder\dataset_0\10311-343-621_(1-4)_008.png
228,228,10311-343-153_(5)_002.png,0,0,0,1,0,0,D:\VS_CODE\Paper\Datafolder\dataset_0\10311-343-153_(5)_002.png
229,229,10311-343-153_(3-4)_006.png,0,0,0,1,0,0,D:\VS_CODE\Paper\Datafolder\dataset_0\10311-343-153_(3-4)_006.png
230,230,10352-603-621_008.png,0,0,0,1,1,0,D:\VS_CODE\Paper\Datafolder\dataset_0\10352-603-621_008.png
231,231,10311-343-153_(2-2)_002.png,0,0,0,1,0,0,D:\VS_CODE\Paper\Datafolder\dataset_0\10311-343-153_(2-2)_002.png
232,232,10361-541-155_(2-9)_003.png,0,0,0,1,0,0,D:\VS_CODE\Paper\Datafolder\dataset_0\10361-541-155_(2-9)_003.png
233,233,10311-343-153_(4-3)_003.png,0,0,0,1,0,0,D:\VS_CODE\Paper\Datafolder\dataset_0\10311-343-153_(4-3)_003.png
234,234,10311-343-621_(2)_001.png,0,0,0,1,0,0,D:\VS_CODE\Paper\Datafolder\dataset_0\10311-343-621_(2)_001.png
235,235,10352-603-553_008.png,0,0,0,1,0,0,D:\VS_CODE\Paper\Datafolder\dataset_0\10352-603-553_008.png
236,236,10344-405-02-155-2_008.png,1,0,1,1,0,0,D:\VS_CODE\Paper\Datafolder\dataset_0\10344-405-02-155-2_008.png
237,237,10361-541-155_(1)_002.png,0,0,0,1,0,0,D:\VS_CODE\Paper\Datafolder\dataset_0\10361-541-155_(1)_002.png
238,238,10344-405-02-155-2_(2)_001.png,0,0,0,1,0,0,D:\VS_CODE\Paper\Datafolder\dataset_0\10344-405-02-155-2_(2)_001.png
239,239,10311-343-621_(3-10)_007.png,0,0,0,1,0,0,D:\VS_CODE\Paper\Datafolder\dataset_0\10311-343-621_(3-10)_007.png
240,240,10311-343-621_008.png,0,0,0,1,0,0,D:\VS_CODE\Paper\Datafolder\dataset_0\10311-343-621_008.png
241,241,10311-343-621_(2-1)_006.png,0,0,0,1,0,0,D:\VS_CODE\Paper\Datafolder\dataset_0\10311-343-621_(2-1)_006.png
242,242,10311-343-621_(2-4)_007.png,0,0,0,1,0,0,D:\VS_CODE\Paper\Datafolder\dataset_0\10311-343-621_(2-4)_007.png
243,243,10311-343-621_(3-7)_007.png,0,0,0,1,0,0,D:\VS_CODE\Paper\Datafolder\dataset_0\10311-343-621_(3-7)_007.png
244,244,10344-405-02-155-2_(3-3)_001.png,0,0,0,1,0,0,D:\VS_CODE\Paper\Datafolder\dataset_0\10344-405-02-155-2_(3-3)_001.png
245,245,10311-343-153_(1-2)_001.png,0,0,0,1,0,0,D:\VS_CODE\Paper\Datafolder\dataset_0\10311-343-153_(1-2)_001.png
246,246,10361-541-155_(1)_007.png,0,0,0,1,0,0,D:\VS_CODE\Paper\Datafolder\dataset_0\10361-541-155_(1)_007.png
247,247,10381-103-621_008.png,0,0,0,1,1,0,D:\VS_CODE\Paper\Datafolder\dataset_0\10381-103-621_008.png
248,248,10311-343-621_(1-4)_007.png,0,0,0,1,0,0,D:\VS_CODE\Paper\Datafolder\dataset_0\10311-343-621_(1-4)_007.png
249,249,10311-343-621_(3-2)_007.png,0,0,0,1,0,0,D:\VS_CODE\Paper\Datafolder\dataset_0\10311-343-621_(3-2)_007.png
250,250,10344-405-02-155-2_(3-9)_003.png,0,0,0,1,0,0,D:\VS_CODE\Paper\Datafolder\dataset_0\10344-405-02-155-2_(3-9)_003.png
251,251,10344-405-02-155-2_(2-3)_008.png,0,0,0,1,0,0,D:\VS_CODE\Paper\Datafolder\dataset_0\10344-405-02-155-2_(2-3)_008.png
252,252,10311-343-621_001.png,0,0,0,1,0,0,D:\VS_CODE\Paper\Datafolder\dataset_0\10311-343-621_001.png
253,253,10311-343-621_(1-7)_007.png,0,0,0,1,0,0,D:\VS_CODE\Paper\Datafolder\dataset_0\10311-343-621_(1-7)_007.png
254,254,10311-343-153_(3-3)_007.png,0,0,0,1,0,0,D:\VS_CODE\Paper\Datafolder\dataset_0\10311-343-153_(3-3)_007.png
255,255,10361-541-155_(2-9)_006.png,1,0,1,1,0,0,D:\VS_CODE\Paper\Datafolder\dataset_0\10361-541-155_(2-9)_006.png
256,256,10311-343-621_(1-8)_004.png,1,0,1,1,0,0,D:\VS_CODE\Paper\Datafolder\dataset_0\10311-343-621_(1-8)_004.png
257,257,10344-405-02-155-2_007.png,0,0,0,1,0,0,D:\VS_CODE\Paper\Datafolder\dataset_0\10344-405-02-155-2_007.png
258,258,10311-343-153_(1-5)_007.png,0,0,0,1,0,0,D:\VS_CODE\Paper\Datafolder\dataset_0\10311-343-153_(1-5)_007.png
259,259,10342-203-154_008.png,1,0,1,1,0,0,D:\VS_CODE\Paper\Datafolder\dataset_0\10342-203-154_008.png
260,260,10311-343-621_(3-3)_008.png,0,0,0,1,0,0,D:\VS_CODE\Paper\Datafolder\dataset_0\10311-343-621_(3-3)_008.png
261,261,10344-405-02-155-2_(3-6)_001.png,0,0,0,1,0,0,D:\VS_CODE\Paper\Datafolder\dataset_0\10344-405-02-155-2_(3-6)_001.png
262,262,10344-405-02-155-2_(1-1)_003.png,0,0,0,1,0,0,D:\VS_CODE\Paper\Datafolder\dataset_0\10344-405-02-155-2_(1-1)_003.png
263,263,10361-541-155_(1)_006.png,1,0,1,1,0,0,D:\VS_CODE\Paper\Datafolder\dataset_0\10361-541-155_(1)_006.png
264,264,10361-541-155_(2-3)_002.png,0,0,0,1,0,0,D:\VS_CODE\Paper\Datafolder\dataset_0\10361-541-155_(2-3)_002.png
265,265,10361-541-155_(1-1)_004.png,0,0,0,1,0,0,D:\VS_CODE\Paper\Datafolder\dataset_0\10361-541-155_(1-1)_004.png
266,266,10311-343-153_(3-1)_007.png,0,0,0,1,0,0,D:\VS_CODE\Paper\Datafolder\dataset_0\10311-343-153_(3-1)_007.png
267,267,10361-541-155_(2-6)_006.png,1,0,1,1,0,0,D:\VS_CODE\Paper\Datafolder\dataset_0\10361-541-155_(2-6)_006.png
268,268,10344-405-02-155-2_(3-2)_007.png,0,0,0,1,0,0,D:\VS_CODE\Paper\Datafolder\dataset_0\10344-405-02-155-2_(3-2)_007.png
269,269,10311-343-153_(1-5)_008.png,1,0,1,1,0,0,D:\VS_CODE\Paper\Datafolder\dataset_0\10311-343-153_(1-5)_008.png
270,270,10311-343-621_(2-3)_008.png,0,0,0,1,0,0,D:\VS_CODE\Paper\Datafolder\dataset_0\10311-343-621_(2-3)_008.png
271,271,10311-343-153_(3-4)_007.png,0,0,0,1,0,0,D:\VS_CODE\Paper\Datafolder\dataset_0\10311-343-153_(3-4)_007.png
272,272,10352-783-06-621_003.png,0,0,0,1,0,0,D:\VS_CODE\Paper\Datafolder\dataset_0\10352-783-06-621_003.png
273,273,10339-783-554_003.png,0,0,0,1,0,0,D:\VS_CODE\Paper\Datafolder\dataset_0\10339-783-554_003.png
274,274,10311-343-153_(1-3)_003.png,0,0,0,1,0,0,D:\VS_CODE\Paper\Datafolder\dataset_0\10311-343-153_(1-3)_003.png
275,275,110286_215_006.png,0,0,0,1,1,0,D:\VS_CODE\Paper\Datafolder\dataset_0\110286_215_006.png
276,276,210714_552B_006.png,0,1,0,1,0,0,D:\VS_CODE\Paper\Datafolder\dataset_0\210714_552B_006.png
277,277,10311-343-621_(2-5)_007.png,0,0,0,1,0,0,D:\VS_CODE\Paper\Datafolder\dataset_0\10311-343-621_(2-5)_007.png
278,278,10361-541-155_(1-5)_002.png,0,0,0,1,0,0,D:\VS_CODE\Paper\Datafolder\dataset_0\10361-541-155_(1-5)_002.png
279,279,10311-343-153_(1-5)_003.png,0,0,0,1,0,0,D:\VS_CODE\Paper\Datafolder\dataset_0\10311-343-153_(1-5)_003.png
280,280,10344-405-02-155-2_(2-6)_003.png,0,0,0,1,0,0,D:\VS_CODE\Paper\Datafolder\dataset_0\10344-405-02-155-2_(2-6)_003.png
281,281,10344-405-02-155-2_(2-2)_003.png,0,0,0,1,0,0,D:\VS_CODE\Paper\Datafolder\dataset_0\10344-405-02-155-2_(2-2)_003.png
282,282,10344-405-02-155-2_(1-8)_001.png,0,0,0,1,0,0,D:\VS_CODE\Paper\Datafolder\dataset_0\10344-405-02-155-2_(1-8)_001.png
283,283,10311-343-621_(2-8)_003.png,0,0,0,1,0,0,D:\VS_CODE\Paper\Datafolder\dataset_0\10311-343-621_(2-8)_003.png
284,284,10344-405-02-155-2_(2-6)_008.png,0,0,0,1,0,0,D:\VS_CODE\Paper\Datafolder\dataset_0\10344-405-02-155-2_(2-6)_008.png
285,285,10344-405-02-155-2_(3)_006.png,1,0,1,1,0,0,D:\VS_CODE\Paper\Datafolder\dataset_0\10344-405-02-155-2_(3)_006.png
286,286,10344-405-02-155-2_(1-5)_002.png,0,0,0,1,0,0,D:\VS_CODE\Paper\Datafolder\dataset_0\10344-405-02-155-2_(1-5)_002.png
287,287,10361-541-155_(1-1)_001.png,0,0,0,1,0,0,D:\VS_CODE\Paper\Datafolder\dataset_0\10361-541-155_(1-1)_001.png
288,288,10344-405-02-155-2_(1-3)_007.png,0,0,0,1,0,0,D:\VS_CODE\Paper\Datafolder\dataset_0\10344-405-02-155-2_(1-3)_007.png
289,289,10311-343-153_(3-2)_007.png,0,0,0,1,0,0,D:\VS_CODE\Paper\Datafolder\dataset_0\10311-343-153_(3-2)_007.png
290,290,10311-343-153_(3)_004.png,0,0,0,1,0,0,D:\VS_CODE\Paper\Datafolder\dataset_0\10311-343-153_(3)_004.png
291,291,10344-405-02-155-2_(1-2)_003.png,0,0,0,1,0,0,D:\VS_CODE\Paper\Datafolder\dataset_0\10344-405-02-155-2_(1-2)_003.png
292,292,10344-405-02-155-2_(1-4)_007.png,0,0,0,1,0,0,D:\VS_CODE\Paper\Datafolder\dataset_0\10344-405-02-155-2_(1-4)_007.png
293,293,10344-405-02-155-2_(2-6)_006.png,1,0,1,1,0,0,D:\VS_CODE\Paper\Datafolder\dataset_0\10344-405-02-155-2_(2-6)_006.png
294,294,10344-405-621-1_001.png,0,0,0,1,0,0,D:\VS_CODE\Paper\Datafolder\dataset_0\10344-405-621-1_001.png
295,295,10361-541-155_(2-7)_006.png,1,0,1,1,0,0,D:\VS_CODE\Paper\Datafolder\dataset_0\10361-541-155_(2-7)_006.png
296,296,10311-343-621_(3-6)_007.png,0,0,0,1,0,0,D:\VS_CODE\Paper\Datafolder\dataset_0\10311-343-621_(3-6)_007.png
297,297,10311-343-621_(3-7)_008.png,0,0,0,1,0,0,D:\VS_CODE\Paper\Datafolder\dataset_0\10311-343-621_(3-7)_008.png
298,298,10311-343-621_(3-4)_001.png,0,0,0,1,0,0,D:\VS_CODE\Paper\Datafolder\dataset_0\10311-343-621_(3-4)_001.png
299,299,10311-343-153_(5-1)_003.png,0,0,0,1,0,0,D:\VS_CODE\Paper\Datafolder\dataset_0\10311-343-153_(5-1)_003.png
300,300,10311-343-153_(4-3)_001.png,0,0,0,1,0,0,D:\VS_CODE\Paper\Datafolder\dataset_0\10311-343-153_(4-3)_001.png
301,301,10361-541-155_(3-6)_006.png,1,0,1,1,0,0,D:\VS_CODE\Paper\Datafolder\dataset_0\10361-541-155_(3-6)_006.png
302,302,10311-343-621_(2-1)_003.png,0,0,0,1,0,0,D:\VS_CODE\Paper\Datafolder\dataset_0\10311-343-621_(2-1)_003.png
303,303,10311-343-153_(2-5)_001.png,0,0,0,1,0,0,D:\VS_CODE\Paper\Datafolder\dataset_0\10311-343-153_(2-5)_001.png
304,304,10311-343-153_(1-1)_006.png,0,0,0,1,0,0,D:\VS_CODE\Paper\Datafolder\dataset_0\10311-343-153_(1-1)_006.png
305,305,10344-405-02-155-2_(3-7)_003.png,0,0,0,1,0,0,D:\VS_CODE\Paper\Datafolder\dataset_0\10344-405-02-155-2_(3-7)_003.png
306,306,10311-343-153_(3-5)_008.png,1,0,1,1,0,0,D:\VS_CODE\Paper\Datafolder\dataset_0\10311-343-153_(3-5)_008.png
307,307,10311-343-621_(3-10)_008.png,0,0,0,1,0,0,D:\VS_CODE\Paper\Datafolder\dataset_0\10311-343-621_(3-10)_008.png
308,308,10361-541-155_(3-1)_006.png,1,0,1,1,0,0,D:\VS_CODE\Paper\Datafolder\dataset_0\10361-541-155_(3-1)_006.png
309,309,10311-343-621_(1-5)_007.png,0,0,0,1,0,0,D:\VS_CODE\Paper\Datafolder\dataset_0\10311-343-621_(1-5)_007.png
310,310,10311-343-621_003.png,0,0,0,1,0,0,D:\VS_CODE\Paper\Datafolder\dataset_0\10311-343-621_003.png
311,311,10344-405-02-155-2_(2-7)_007.png,0,0,0,1,0,0,D:\VS_CODE\Paper\Datafolder\dataset_0\10344-405-02-155-2_(2-7)_007.png
312,312,10344-405-02-155-2_(1-3)_006.png,1,0,1,1,0,0,D:\VS_CODE\Paper\Datafolder\dataset_0\10344-405-02-155-2_(1-3)_006.png
313,313,10352-783-152_007.png,0,0,0,1,0,0,D:\VS_CODE\Paper\Datafolder\dataset_0\10352-783-152_007.png
314,314,10311-343-153_(2)_004.png,0,0,0,1,0,0,D:\VS_CODE\Paper\Datafolder\dataset_0\10311-343-153_(2)_004.png
315,315,10344-405-02-155-2_(1-4)_001.png,0,0,0,1,0,0,D:\VS_CODE\Paper\Datafolder\dataset_0\10344-405-02-155-2_(1-4)_001.png
316,316,10344-405-02-155-2_(1-6)_004.png,0,0,0,1,0,0,D:\VS_CODE\Paper\Datafolder\dataset_0\10344-405-02-155-2_(1-6)_004.png
317,317,10311-343-153_(4-5)_008.png,1,0,1,1,0,0,D:\VS_CODE\Paper\Datafolder\dataset_0\10311-343-153_(4-5)_008.png
318,318,10311-343-153_(5-2)_001.png,0,0,0,1,0,0,D:\VS_CODE\Paper\Datafolder\dataset_0\10311-343-153_(5-2)_001.png
319,319,10352-603-553_007.png,0,0,0,1,0,0,D:\VS_CODE\Paper\Datafolder\dataset_0\10352-603-553_007.png
320,320,10344-405-02-155-2_(2-6)_001.png,0,0,0,1,0,0,D:\VS_CODE\Paper\Datafolder\dataset_0\10344-405-02-155-2_(2-6)_001.png
321,321,10344-405-02-155-2_(2-2)_004.png,0,0,0,1,0,0,D:\VS_CODE\Paper\Datafolder\dataset_0\10344-405-02-155-2_(2-2)_004.png
322,322,10311-343-153_(2-3)_008.png,1,0,1,1,0,0,D:\VS_CODE\Paper\Datafolder\dataset_0\10311-343-153_(2-3)_008.png
323,323,10311-343-153_(3-2)_008.png,1,0,1,1,0,0,D:\VS_CODE\Paper\Datafolder\dataset_0\10311-343-153_(3-2)_008.png
324,324,10311-343-153_(4-2)_003.png,0,0,0,1,0,0,D:\VS_CODE\Paper\Datafolder\dataset_0\10311-343-153_(4-2)_003.png
325,325,10344-405-02-155-2_(3-2)_004.png,0,0,0,1,0,0,D:\VS_CODE\Paper\Datafolder\dataset_0\10344-405-02-155-2_(3-2)_004.png
326,326,10311-343-153_(1-3)_006.png,0,0,0,1,0,0,D:\VS_CODE\Paper\Datafolder\dataset_0\10311-343-153_(1-3)_006.png
327,327,10344-405-02-155-2_(3-6)_002.png,0,0,0,1,0,0,D:\VS_CODE\Paper\Datafolder\dataset_0\10344-405-02-155-2_(3-6)_002.png
328,328,10311-343-621_(3-2)_003.png,0,0,0,1,0,0,D:\VS_CODE\Paper\Datafolder\dataset_0\10311-343-621_(3-2)_003.png
329,329,10311-343-153_(2-4)_008.png,1,0,1,1,0,0,D:\VS_CODE\Paper\Datafolder\dataset_0\10311-343-153_(2-4)_008.png
330,330,10311-343-621_(1-6)_006.png,0,0,0,1,0,0,D:\VS_CODE\Paper\Datafolder\dataset_0\10311-343-621_(1-6)_006.png
331,331,10311-343-153_(4-4)_003.png,0,0,0,1,0,0,D:\VS_CODE\Paper\Datafolder\dataset_0\10311-343-153_(4-4)_003.png
332,332,10311-343-621_(2-6)_001.png,0,0,0,1,0,0,D:\VS_CODE\Paper\Datafolder\dataset_0\10311-343-621_(2-6)_001.png
333,333,10344-405-02-155-2_(2-4)_002.png,0,0,0,1,0,0,D:\VS_CODE\Paper\Datafolder\dataset_0\10344-405-02-155-2_(2-4)_002.png
334,334,10311-343-621_(3-7)_006.png,0,0,0,1,0,0,D:\VS_CODE\Paper\Datafolder\dataset_0\10311-343-621_(3-7)_006.png
335,335,10361-541-155_(3)_004.png,0,0,0,1,0,0,D:\VS_CODE\Paper\Datafolder\dataset_0\10361-541-155_(3)_004.png
336,336,10344-405-02-155-2_(1-8)_007.png,0,0,0,1,0,0,D:\VS_CODE\Paper\Datafolder\dataset_0\10344-405-02-155-2_(1-8)_007.png
337,337,10344-405-02-155-2_(3-7)_001.png,0,0,0,1,0,0,D:\VS_CODE\Paper\Datafolder\dataset_0\10344-405-02-155-2_(3-7)_001.png
338,338,10361-541-155_(2-3)_003.png,0,0,0,1,0,0,D:\VS_CODE\Paper\Datafolder\dataset_0\10361-541-155_(2-3)_003.png
339,339,10311-343-153_(5-4)_007.png,0,0,0,1,0,0,D:\VS_CODE\Paper\Datafolder\dataset_0\10311-343-153_(5-4)_007.png
340,340,10361-541-155_(2)_006.png,1,0,1,1,0,0,D:\VS_CODE\Paper\Datafolder\dataset_0\10361-541-155_(2)_006.png
341,341,10361-541-155_(1-5)_006.png,1,0,1,1,0,0,D:\VS_CODE\Paper\Datafolder\dataset_0\10361-541-155_(1-5)_006.png
342,342,10361-541-155_(1-8)_006.png,1,0,1,1,0,0,D:\VS_CODE\Paper\Datafolder\dataset_0\10361-541-155_(1-8)_006.png
343,343,10311-343-153_(2)_002.png,0,0,0,1,0,0,D:\VS_CODE\Paper\Datafolder\dataset_0\10311-343-153_(2)_002.png
344,344,10344-405-02-155-2_(2-6)_002.png,0,0,0,1,0,0,D:\VS_CODE\Paper\Datafolder\dataset_0\10344-405-02-155-2_(2-6)_002.png
345,345,210903_110_008.png,0,1,0,1,0,0,D:\VS_CODE\Paper\Datafolder\dataset_0\210903_110_008.png
346,346,10361-541-155_(3)_007.png,0,0,0,1,0,0,D:\VS_CODE\Paper\Datafolder\dataset_0\10361-541-155_(3)_007.png
347,347,10361-541-155_(2)_003.png,0,0,0,1,0,0,D:\VS_CODE\Paper\Datafolder\dataset_0\10361-541-155_(2)_003.png
348,348,10311-343-621_(1-5)_001.png,0,0,0,1,0,0,D:\VS_CODE\Paper\Datafolder\dataset_0\10311-343-621_(1-5)_001.png
349,349,10311-343-621_(2-6)_003.png,0,0,0,1,0,0,D:\VS_CODE\Paper\Datafolder\dataset_0\10311-343-621_(2-6)_003.png
350,350,10361-541-155_(1-8)_007.png,0,0,0,1,0,0,D:\VS_CODE\Paper\Datafolder\dataset_0\10361-541-155_(1-8)_007.png
351,351,10311-343-153_(4-4)_001.png,0,0,0,1,0,0,D:\VS_CODE\Paper\Datafolder\dataset_0\10311-343-153_(4-4)_001.png
352,352,10311-343-153_(4-3)_008.png,1,0,1,1,0,0,D:\VS_CODE\Paper\Datafolder\dataset_0\10311-343-153_(4-3)_008.png
353,353,10311-343-153_(3-3)_006.png,0,0,0,1,0,0,D:\VS_CODE\Paper\Datafolder\dataset_0\10311-343-153_(3-3)_006.png
354,354,10361-541-155_(2-8)_002.png,0,0,0,1,0,0,D:\VS_CODE\Paper\Datafolder\dataset_0\10361-541-155_(2-8)_002.png
355,355,10311-343-153_(4-3)_002.png,0,0,0,1,0,0,D:\VS_CODE\Paper\Datafolder\dataset_0\10311-343-153_(4-3)_002.png
356,356,110257_114_003.png,0,0,0,1,0,0,D:\VS_CODE\Paper\Datafolder\dataset_0\110257_114_003.png
357,357,10311-343-153_(4-1)_002.png,0,0,0,1,0,0,D:\VS_CODE\Paper\Datafolder\dataset_0\10311-343-153_(4-1)_002.png
358,358,10344-405-02-155-2_(2-7)_006.png,1,0,1,1,0,0,D:\VS_CODE\Paper\Datafolder\dataset_0\10344-405-02-155-2_(2-7)_006.png
359,359,10361-541-155_(1-3)_004.png,0,0,0,1,0,0,D:\VS_CODE\Paper\Datafolder\dataset_0\10361-541-155_(1-3)_004.png
360,360,10311-343-621_(2-7)_004.png,1,0,1,1,0,0,D:\VS_CODE\Paper\Datafolder\dataset_0\10311-343-621_(2-7)_004.png
361,361,10344-405-02-155-2_(2-6)_007.png,0,0,0,1,0,0,D:\VS_CODE\Paper\Datafolder\dataset_0\10344-405-02-155-2_(2-6)_007.png
362,362,10311-343-153_(2-4)_004.png,0,0,0,1,0,0,D:\VS_CODE\Paper\Datafolder\dataset_0\10311-343-153_(2-4)_004.png
363,363,10339-783-554_006.png,0,0,1,1,1,0,D:\VS_CODE\Paper\Datafolder\dataset_0\10339-783-554_006.png
364,364,10311-343-621_(3-9)_003.png,0,0,0,1,0,0,D:\VS_CODE\Paper\Datafolder\dataset_0\10311-343-621_(3-9)_003.png
365,365,10311-343-153_(5)_004.png,0,0,0,1,0,0,D:\VS_CODE\Paper\Datafolder\dataset_0\10311-343-153_(5)_004.png
366,366,10344-405-02-155-2_(3)_004.png,0,0,0,1,0,0,D:\VS_CODE\Paper\Datafolder\dataset_0\10344-405-02-155-2_(3)_004.png
367,367,10311-343-153_(3-3)_003.png,0,0,0,1,0,0,D:\VS_CODE\Paper\Datafolder\dataset_0\10311-343-153_(3-3)_003.png
368,368,10311-343-153_(5-1)_007.png,0,0,0,1,0,0,D:\VS_CODE\Paper\Datafolder\dataset_0\10311-343-153_(5-1)_007.png
369,369,10361-541-155_(2)_002.png,0,0,0,1,0,0,D:\VS_CODE\Paper\Datafolder\dataset_0\10361-541-155_(2)_002.png
370,370,"20564-301-01,03-559_001.png",0,1,0,1,0,0,"D:\VS_CODE\Paper\Datafolder\dataset_0\20564-301-01,03-559_001.png"
371,371,10311-343-153_(3-3)_001.png,0,0,0,1,0,0,D:\VS_CODE\Paper\Datafolder\dataset_0\10311-343-153_(3-3)_001.png
372,372,10344-405-02-155-2_(3-5)_001.png,0,0,0,1,0,0,D:\VS_CODE\Paper\Datafolder\dataset_0\10344-405-02-155-2_(3-5)_001.png
373,373,10311-343-621_(3-4)_007.png,0,0,0,1,0,0,D:\VS_CODE\Paper\Datafolder\dataset_0\10311-343-621_(3-4)_007.png
374,374,10311-343-621_(1-2)_007.png,0,0,0,1,0,0,D:\VS_CODE\Paper\Datafolder\dataset_0\10311-343-621_(1-2)_007.png
375,375,10311-343-153_(2-3)_001.png,0,0,0,1,0,0,D:\VS_CODE\Paper\Datafolder\dataset_0\10311-343-153_(2-3)_001.png
376,376,10311-343-621_(3-9)_007.png,0,0,0,1,0,0,D:\VS_CODE\Paper\Datafolder\dataset_0\10311-343-621_(3-9)_007.png
377,377,210713_152_T1_008.png,0,1,0,0,0,0,D:\VS_CODE\Paper\Datafolder\dataset_0\210713_152_T1_008.png
378,378,10342-203-154_006.png,0,0,0,1,0,0,D:\VS_CODE\Paper\Datafolder\dataset_0\10342-203-154_006.png
379,379,10311-343-153_(5-3)_003.png,0,0,0,1,0,0,D:\VS_CODE\Paper\Datafolder\dataset_0\10311-343-153_(5-3)_003.png
380,380,10311-343-621_(2-6)_008.png,0,0,0,1,0,0,D:\VS_CODE\Paper\Datafolder\dataset_0\10311-343-621_(2-6)_008.png
381,381,10311-343-153_(1-3)_004.png,0,0,0,1,0,0,D:\VS_CODE\Paper\Datafolder\dataset_0\10311-343-153_(1-3)_004.png
382,382,10352-783-555_001.png,0,0,0,1,0,0,D:\VS_CODE\Paper\Datafolder\dataset_0\10352-783-555_001.png
383,383,10311-343-153_008.png,1,0,1,1,0,0,D:\VS_CODE\Paper\Datafolder\dataset_0\10311-343-153_008.png
384,384,10352-603-553_003.png,0,0,0,1,0,0,D:\VS_CODE\Paper\Datafolder\dataset_0\10352-603-553_003.png
385,385,10361-541-155_(3-2)_006.png,1,0,1,1,0,0,D:\VS_CODE\Paper\Datafolder\dataset_0\10361-541-155_(3-2)_006.png
386,386,10311-343-153_007.png,0,0,0,1,0,0,D:\VS_CODE\Paper\Datafolder\dataset_0\10311-343-153_007.png
387,387,10311-343-153_(4)_004.png,0,0,0,1,0,0,D:\VS_CODE\Paper\Datafolder\dataset_0\10311-343-153_(4)_004.png
388,388,10344-405-02-155-2_(3)_001.png,0,0,0,1,0,0,D:\VS_CODE\Paper\Datafolder\dataset_0\10344-405-02-155-2_(3)_001.png
389,389,10311-343-153_(3)_006.png,0,0,0,1,0,0,D:\VS_CODE\Paper\Datafolder\dataset_0\10311-343-153_(3)_006.png
390,390,10344-405-02-155-2_004.png,0,0,0,1,0,0,D:\VS_CODE\Paper\Datafolder\dataset_0\10344-405-02-155-2_004.png
391,391,10344-405-02-155-2_(3-6)_007.png,0,0,0,1,0,0,D:\VS_CODE\Paper\Datafolder\dataset_0\10344-405-02-155-2_(3-6)_007.png
392,392,10311-343-153_(1)_007.png,0,0,0,1,0,0,D:\VS_CODE\Paper\Datafolder\dataset_0\10311-343-153_(1)_007.png
393,393,10311-343-153_(2-5)_003.png,0,0,0,1,0,0,D:\VS_CODE\Paper\Datafolder\dataset_0\10311-343-153_(2-5)_003.png
394,394,10311-343-153_(2)_001.png,0,0,0,1,0,0,D:\VS_CODE\Paper\Datafolder\dataset_0\10311-343-153_(2)_001.png
395,395,10352-603-153_T1_003.png,0,0,0,1,0,0,D:\VS_CODE\Paper\Datafolder\dataset_0\10352-603-153_T1_003.png
396,396,10311-343-153_(4-1)_006.png,0,0,0,1,0,0,D:\VS_CODE\Paper\Datafolder\dataset_0\10311-343-153_(4-1)_006.png
397,397,10344-405-02-155-2_(2-4)_003.png,0,0,0,1,0,0,D:\VS_CODE\Paper\Datafolder\dataset_0\10344-405-02-155-2_(2-4)_003.png
398,398,10361-541-155_(1-3)_006.png,1,0,1,1,0,0,D:\VS_CODE\Paper\Datafolder\dataset_0\10361-541-155_(1-3)_006.png
399,399,10311-343-153_(4-1)_008.png,1,0,1,1,0,0,D:\VS_CODE\Paper\Datafolder\dataset_0\10311-343-153_(4-1)_008.png
400,400,10344-405-02-155-2_(2-1)_007.png,0,0,0,1,0,0,D:\VS_CODE\Paper\Datafolder\dataset_0\10344-405-02-155-2_(2-1)_007.png
401,401,10352-603-154_T1_002.png,0,0,0,1,0,0,D:\VS_CODE\Paper\Datafolder\dataset_0\10352-603-154_T1_002.png
402,402,10311-343-621_(2-4)_003.png,0,0,0,1,0,0,D:\VS_CODE\Paper\Datafolder\dataset_0\10311-343-621_(2-4)_003.png
403,403,10344-405-02-155-2_(3-4)_007.png,0,0,0,1,0,0,D:\VS_CODE\Paper\Datafolder\dataset_0\10344-405-02-155-2_(3-4)_007.png
404,404,10361-541-155_(1-3)_003.png,0,0,0,1,0,0,D:\VS_CODE\Paper\Datafolder\dataset_0\10361-541-155_(1-3)_003.png
405,405,10311-343-621_(1-6)_003.png,0,0,0,1,0,0,D:\VS_CODE\Paper\Datafolder\dataset_0\10311-343-621_(1-6)_003.png
406,406,10311-343-621_(2-3)_004.png,1,0,1,1,0,0,D:\VS_CODE\Paper\Datafolder\dataset_0\10311-343-621_(2-3)_004.png
407,407,10344-405-02-155-2_(3-7)_002.png,0,0,0,1,0,0,D:\VS_CODE\Paper\Datafolder\dataset_0\10344-405-02-155-2_(3-7)_002.png
408,408,10344-405-02-155-2_(1-6)_003.png,0,0,0,1,0,0,D:\VS_CODE\Paper\Datafolder\dataset_0\10344-405-02-155-2_(1-6)_003.png
409,409,10361-541-155_(1-6)_001.png,0,0,0,1,0,0,D:\VS_CODE\Paper\Datafolder\dataset_0\10361-541-155_(1-6)_001.png
410,410,10311-343-621_(1-5)_008.png,0,0,0,1,0,0,D:\VS_CODE\Paper\Datafolder\dataset_0\10311-343-621_(1-5)_008.png
411,411,10361-541-155_(2-8)_003.png,0,0,0,1,0,0,D:\VS_CODE\Paper\Datafolder\dataset_0\10361-541-155_(2-8)_003.png
412,412,10311-343-621_(3-3)_006.png,0,0,0,1,0,0,D:\VS_CODE\Paper\Datafolder\dataset_0\10311-343-621_(3-3)_006.png
413,413,10344-405-02-155-2_(3-9)_004.png,0,0,0,1,0,0,D:\VS_CODE\Paper\Datafolder\dataset_0\10344-405-02-155-2_(3-9)_004.png
414,414,10361-541-155_(2-1)_002.png,0,0,0,1,0,0,D:\VS_CODE\Paper\Datafolder\dataset_0\10361-541-155_(2-1)_002.png
415,415,10311-343-153_(3-2)_006.png,0,0,0,1,0,0,D:\VS_CODE\Paper\Datafolder\dataset_0\10311-343-153_(3-2)_006.png
416,416,10342-203-154_004.png,0,0,0,1,0,0,D:\VS_CODE\Paper\Datafolder\dataset_0\10342-203-154_004.png
417,417,10311-343-153_(4-5)_007.png,0,0,0,1,0,0,D:\VS_CODE\Paper\Datafolder\dataset_0\10311-343-153_(4-5)_007.png
418,418,10311-343-621_(2-6)_007.png,0,0,0,1,0,0,D:\VS_CODE\Paper\Datafolder\dataset_0\10311-343-621_(2-6)_007.png
419,419,10361-541-155_(2-2)_001.png,0,0,0,1,0,0,D:\VS_CODE\Paper\Datafolder\dataset_0\10361-541-155_(2-2)_001.png
420,420,10381-103-156_008.png,1,0,1,1,0,0,D:\VS_CODE\Paper\Datafolder\dataset_0\10381-103-156_008.png
421,421,10361-541-155_(1-7)_003.png,0,0,0,1,0,0,D:\VS_CODE\Paper\Datafolder\dataset_0\10361-541-155_(1-7)_003.png
422,422,10361-541-155_(3-9)_006.png,1,0,1,1,0,0,D:\VS_CODE\Paper\Datafolder\dataset_0\10361-541-155_(3-9)_006.png
423,423,10311-343-153_(2-2)_008.png,1,0,1,1,0,0,D:\VS_CODE\Paper\Datafolder\dataset_0\10311-343-153_(2-2)_008.png
424,424,10361-541-155_(1)_003.png,0,0,0,1,0,0,D:\VS_CODE\Paper\Datafolder\dataset_0\10361-541-155_(1)_003.png
425,425,10344-405-02-155-2_(1-7)_008.png,0,0,0,1,0,0,D:\VS_CODE\Paper\Datafolder\dataset_0\10344-405-02-155-2_(1-7)_008.png
426,426,10381-103-621_006.png,0,0,0,1,0,0,D:\VS_CODE\Paper\Datafolder\dataset_0\10381-103-621_006.png
427,427,10361-541-155_(1-5)_001.png,0,0,0,1,0,0,D:\VS_CODE\Paper\Datafolder\dataset_0\10361-541-155_(1-5)_001.png
428,428,10344-405-02-155-2_(3-5)_002.png,0,0,0,1,0,0,D:\VS_CODE\Paper\Datafolder\dataset_0\10344-405-02-155-2_(3-5)_002.png
429,429,10344-405-02-155-2_(1-7)_001.png,0,0,0,1,0,0,D:\VS_CODE\Paper\Datafolder\dataset_0\10344-405-02-155-2_(1-7)_001.png
430,430,10311-343-153_(1-2)_007.png,0,0,0,1,0,0,D:\VS_CODE\Paper\Datafolder\dataset_0\10311-343-153_(1-2)_007.png
431,431,10344-405-02-155-2_(3-9)_006.png,1,0,1,1,0,0,D:\VS_CODE\Paper\Datafolder\dataset_0\10344-405-02-155-2_(3-9)_006.png
432,432,10311-343-153_(1-6)_003.png,0,0,0,1,0,0,D:\VS_CODE\Paper\Datafolder\dataset_0\10311-343-153_(1-6)_003.png
433,433,10344-405-621-1_007.png,0,0,0,1,0,0,D:\VS_CODE\Paper\Datafolder\dataset_0\10344-405-621-1_007.png
434,434,10361-541-155_(3-3)_006.png,1,0,1,1,0,0,D:\VS_CODE\Paper\Datafolder\dataset_0\10361-541-155_(3-3)_006.png
435,435,10311-343-153_(2)_003.png,0,0,0,1,0,0,D:\VS_CODE\Paper\Datafolder\dataset_0\10311-343-153_(2)_003.png
436,436,10352-603-553_001.png,0,0,0,1,0,0,D:\VS_CODE\Paper\Datafolder\dataset_0\10352-603-553_001.png
437,437,10311-343-621_(1-5)_004.png,1,0,1,1,0,0,D:\VS_CODE\Paper\Datafolder\dataset_0\10311-343-621_(1-5)_004.png
438,438,10311-343-621_(1-7)_006.png,0,0,0,1,0,0,D:\VS_CODE\Paper\Datafolder\dataset_0\10311-343-621_(1-7)_006.png
439,439,10311-343-621_(2-5)_003.png,0,0,0,1,0,0,D:\VS_CODE\Paper\Datafolder\dataset_0\10311-343-621_(2-5)_003.png
440,440,10352-783-152_004.png,0,0,0,1,0,0,D:\VS_CODE\Paper\Datafolder\dataset_0\10352-783-152_004.png
441,441,10344-405-02-155-2_(2-6)_004.png,0,0,0,1,0,0,D:\VS_CODE\Paper\Datafolder\dataset_0\10344-405-02-155-2_(2-6)_004.png
442,442,10361-541-155_(2-6)_002.png,0,0,0,1,0,0,D:\VS_CODE\Paper\Datafolder\dataset_0\10361-541-155_(2-6)_002.png
443,443,10311-343-621_(1-2)_008.png,0,0,0,1,0,0,D:\VS_CODE\Paper\Datafolder\dataset_0\10311-343-621_(1-2)_008.png
444,444,10361-541-155_(1-5)_003.png,0,0,0,1,0,0,D:\VS_CODE\Paper\Datafolder\dataset_0\10361-541-155_(1-5)_003.png
445,445,10311-343-621_(3-7)_004.png,1,0,1,1,0,0,D:\VS_CODE\Paper\Datafolder\dataset_0\10311-343-621_(3-7)_004.png
446,446,10311-343-153_(5-2)_004.png,0,0,0,1,0,0,D:\VS_CODE\Paper\Datafolder\dataset_0\10311-343-153_(5-2)_004.png
447,447,10311-343-153_(2-2)_003.png,0,0,0,1,0,0,D:\VS_CODE\Paper\Datafolder\dataset_0\10311-343-153_(2-2)_003.png
448,448,210825_211_006.png,0,1,0,1,0,0,D:\VS_CODE\Paper\Datafolder\dataset_0\210825_211_006.png
449,449,10311-343-621_(2-5)_008.png,0,0,0,1,0,0,D:\VS_CODE\Paper\Datafolder\dataset_0\10311-343-621_(2-5)_008.png
450,450,10311-343-153_(1-5)_004.png,0,0,0,1,0,0,D:\VS_CODE\Paper\Datafolder\dataset_0\10311-343-153_(1-5)_004.png
451,451,10311-343-621_(2)_006.png,0,0,0,1,0,0,D:\VS_CODE\Paper\Datafolder\dataset_0\10311-343-621_(2)_006.png
452,452,10311-343-153_(2-3)_004.png,0,0,0,1,0,0,D:\VS_CODE\Paper\Datafolder\dataset_0\10311-343-153_(2-3)_004.png
453,453,10311-343-153_(5)_006.png,0,0,0,1,0,0,D:\VS_CODE\Paper\Datafolder\dataset_0\10311-343-153_(5)_006.png
454,454,10344-405-02-155-2_(1-8)_008.png,0,0,0,1,0,0,D:\VS_CODE\Paper\Datafolder\dataset_0\10344-405-02-155-2_(1-8)_008.png
455,455,10361-541-155_(2-1)_004.png,0,0,0,1,0,0,D:\VS_CODE\Paper\Datafolder\dataset_0\10361-541-155_(2-1)_004.png
456,456,10352-783-555_003.png,0,0,0,1,0,0,D:\VS_CODE\Paper\Datafolder\dataset_0\10352-783-555_003.png
457,457,10352-783-152_003.png,0,0,0,1,0,0,D:\VS_CODE\Paper\Datafolder\dataset_0\10352-783-152_003.png
458,458,10344-405-02-155-2_(1-5)_003.png,0,0,0,1,0,0,D:\VS_CODE\Paper\Datafolder\dataset_0\10344-405-02-155-2_(1-5)_003.png
459,459,10311-343-153_(3-5)_004.png,0,0,0,1,0,0,D:\VS_CODE\Paper\Datafolder\dataset_0\10311-343-153_(3-5)_004.png
460,460,10311-343-621_(3-8)_001.png,0,0,0,1,0,0,D:\VS_CODE\Paper\Datafolder\dataset_0\10311-343-621_(3-8)_001.png
461,461,10344-405-02-155-2_(3-4)_004.png,0,0,0,1,0,0,D:\VS_CODE\Paper\Datafolder\dataset_0\10344-405-02-155-2_(3-4)_004.png
462,462,10311-343-153_(3-2)_001.png,0,0,0,1,0,0,D:\VS_CODE\Paper\Datafolder\dataset_0\10311-343-153_(3-2)_001.png
463,463,10311-343-621_(3-8)_006.png,0,0,0,1,0,0,D:\VS_CODE\Paper\Datafolder\dataset_0\10311-343-621_(3-8)_006.png
464,464,10344-405-02-155-2_(1-8)_006.png,1,0,1,1,0,0,D:\VS_CODE\Paper\Datafolder\dataset_0\10344-405-02-155-2_(1-8)_006.png
465,465,10361-541-155_(1-4)_003.png,0,0,0,1,0,0,D:\VS_CODE\Paper\Datafolder\dataset_0\10361-541-155_(1-4)_003.png
466,466,10311-343-621_(2-7)_001.png,0,0,0,1,0,0,D:\VS_CODE\Paper\Datafolder\dataset_0\10311-343-621_(2-7)_001.png
467,467,10311-343-621_(3-10)_001.png,0,0,0,1,0,0,D:\VS_CODE\Paper\Datafolder\dataset_0\10311-343-621_(3-10)_001.png
468,468,10311-343-153_(4-5)_001.png,0,0,0,1,0,0,D:\VS_CODE\Paper\Datafolder\dataset_0\10311-343-153_(4-5)_001.png
469,469,10361-541-155_(1-7)_007.png,0,0,0,1,0,0,D:\VS_CODE\Paper\Datafolder\dataset_0\10361-541-155_(1-7)_007.png
470,470,10339-783-554_008.png,0,0,0,0,1,0,D:\VS_CODE\Paper\Datafolder\dataset_0\10339-783-554_008.png
471,471,10311-343-153_(4-2)_004.png,0,0,0,1,0,0,D:\VS_CODE\Paper\Datafolder\dataset_0\10311-343-153_(4-2)_004.png
472,472,10361-541-155_(2-3)_004.png,0,0,0,1,0,0,D:\VS_CODE\Paper\Datafolder\dataset_0\10361-541-155_(2-3)_004.png
473,473,10311-343-153_(5-2)_008.png,1,0,1,1,0,0,D:\VS_CODE\Paper\Datafolder\dataset_0\10311-343-153_(5-2)_008.png
474,474,10311-343-621_(3-8)_007.png,0,0,0,1,0,0,D:\VS_CODE\Paper\Datafolder\dataset_0\10311-343-621_(3-8)_007.png
475,475,10311-343-153_(5-3)_007.png,0,0,0,1,0,0,D:\VS_CODE\Paper\Datafolder\dataset_0\10311-343-153_(5-3)_007.png
476,476,10361-541-155_(2-4)_007.png,0,0,0,1,0,0,D:\VS_CODE\Paper\Datafolder\dataset_0\10361-541-155_(2-4)_007.png
477,477,210818_155_006.png,0,1,0,0,1,0,D:\VS_CODE\Paper\Datafolder\dataset_0\210818_155_006.png
478,478,10344-405-02-155-2_(2)_004.png,0,0,0,1,0,0,D:\VS_CODE\Paper\Datafolder\dataset_0\10344-405-02-155-2_(2)_004.png
479,479,10361-541-155_008.png,1,0,1,1,0,0,D:\VS_CODE\Paper\Datafolder\dataset_0\10361-541-155_008.png
480,480,10344-405-02-155-2_(1-6)_007.png,0,0,0,1,0,0,D:\VS_CODE\Paper\Datafolder\dataset_0\10344-405-02-155-2_(1-6)_007.png
481,481,10311-343-153_(1)_003.png,0,0,0,1,0,0,D:\VS_CODE\Paper\Datafolder\dataset_0\10311-343-153_(1)_003.png
482,482,10311-343-153_(4-4)_007.png,0,0,0,1,0,0,D:\VS_CODE\Paper\Datafolder\dataset_0\10311-343-153_(4-4)_007.png
483,483,10311-343-153_(3-5)_003.png,0,0,0,1,0,0,D:\VS_CODE\Paper\Datafolder\dataset_0\10311-343-153_(3-5)_003.png
484,484,10361-541-155_(1-2)_003.png,0,0,0,1,0,0,D:\VS_CODE\Paper\Datafolder\dataset_0\10361-541-155_(1-2)_003.png
485,485,10311-343-153_(2-1)_004.png,0,0,0,1,0,0,D:\VS_CODE\Paper\Datafolder\dataset_0\10311-343-153_(2-1)_004.png
486,486,10344-405-02-155-2_(2-9)_007.png,0,0,0,1,0,0,D:\VS_CODE\Paper\Datafolder\dataset_0\10344-405-02-155-2_(2-9)_007.png
487,487,10311-343-153_(5-1)_006.png,0,0,0,1,0,0,D:\VS_CODE\Paper\Datafolder\dataset_0\10311-343-153_(5-1)_006.png
488,488,10311-343-153_(1-4)_002.png,0,0,0,1,0,0,D:\VS_CODE\Paper\Datafolder\dataset_0\10311-343-153_(1-4)_002.png
489,489,10311-343-153_(1)_008.png,1,0,1,1,0,0,D:\VS_CODE\Paper\Datafolder\dataset_0\10311-343-153_(1)_008.png
490,490,10344-405-02-155-2_002.png,0,0,0,1,0,0,D:\VS_CODE\Paper\Datafolder\dataset_0\10344-405-02-155-2_002.png
491,491,10361-541-155_(1-1)_003.png,0,0,0,1,0,0,D:\VS_CODE\Paper\Datafolder\dataset_0\10361-541-155_(1-1)_003.png
492,492,10361-541-155_(2-1)_006.png,1,0,1,1,0,0,D:\VS_CODE\Paper\Datafolder\dataset_0\10361-541-155_(2-1)_006.png
493,493,10344-405-02-155-2_(2-5)_003.png,0,0,0,1,0,0,D:\VS_CODE\Paper\Datafolder\dataset_0\10344-405-02-155-2_(2-5)_003.png
494,494,10311-343-621_(3)_008.png,0,0,0,1,0,0,D:\VS_CODE\Paper\Datafolder\dataset_0\10311-343-621_(3)_008.png
495,495,10361-541-155_(2-6)_003.png,0,0,0,1,0,0,D:\VS_CODE\Paper\Datafolder\dataset_0\10361-541-155_(2-6)_003.png
496,496,10311-343-153_(3-4)_003.png,0,0,0,1,0,0,D:\VS_CODE\Paper\Datafolder\dataset_0\10311-343-153_(3-4)_003.png
497,497,10311-343-621_(2-5)_001.png,0,0,0,1,0,0,D:\VS_CODE\Paper\Datafolder\dataset_0\10311-343-621_(2-5)_001.png
498,498,10311-343-153_(3-5)_002.png,0,0,0,1,0,0,D:\VS_CODE\Paper\Datafolder\dataset_0\10311-343-153_(3-5)_002.png
499,499,10361-541-155_(1-6)_007.png,0,0,0,1,0,0,D:\VS_CODE\Paper\Datafolder\dataset_0\10361-541-155_(1-6)_007.png
500,500,10311-343-621_(3)_003.png,0,0,0,1,0,0,D:\VS_CODE\Paper\Datafolder\dataset_0\10311-343-621_(3)_003.png
501,501,10311-343-621_(2-1)_004.png,1,0,1,1,0,0,D:\VS_CODE\Paper\Datafolder\dataset_0\10311-343-621_(2-1)_004.png
502,502,10352-603-153_T1_007.png,0,0,0,1,0,0,D:\VS_CODE\Paper\Datafolder\dataset_0\10352-603-153_T1_007.png
503,503,10361-541-155_(2-8)_007.png,0,0,0,1,0,0,D:\VS_CODE\Paper\Datafolder\dataset_0\10361-541-155_(2-8)_007.png
504,504,10361-541-155_(2-1)_001.png,0,0,0,1,0,0,D:\VS_CODE\Paper\Datafolder\dataset_0\10361-541-155_(2-1)_001.png
505,505,10344-405-02-155-2_(3-2)_001.png,0,0,0,1,0,0,D:\VS_CODE\Paper\Datafolder\dataset_0\10344-405-02-155-2_(3-2)_001.png
506,506,10352-603-621_006.png,0,0,0,1,1,0,D:\VS_CODE\Paper\Datafolder\dataset_0\10352-603-621_006.png
507,507,10361-541-155_(3)_006.png,1,0,1,1,0,0,D:\VS_CODE\Paper\Datafolder\dataset_0\10361-541-155_(3)_006.png
508,508,10352-783-152_008.png,0,1,0,1,0,0,D:\VS_CODE\Paper\Datafolder\dataset_0\10352-783-152_008.png
509,509,10311-343-153_(2-4)_006.png,0,0,0,1,0,0,D:\VS_CODE\Paper\Datafolder\dataset_0\10311-343-153_(2-4)_006.png
510,510,10311-343-153_(1)_001.png,0,0,0,1,0,0,D:\VS_CODE\Paper\Datafolder\dataset_0\10311-343-153_(1)_001.png
511,511,10311-343-153_(3-1)_003.png,0,0,0,1,0,0,D:\VS_CODE\Paper\Datafolder\dataset_0\10311-343-153_(3-1)_003.png
512,512,10361-541-155_(2-4)_004.png,0,0,0,1,0,0,D:\VS_CODE\Paper\Datafolder\dataset_0\10361-541-155_(2-4)_004.png
513,513,10311-343-621_(3)_004.png,1,0,1,1,0,0,D:\VS_CODE\Paper\Datafolder\dataset_0\10311-343-621_(3)_004.png
514,514,10311-343-621_002.png,1,0,1,1,0,0,D:\VS_CODE\Paper\Datafolder\dataset_0\10311-343-621_002.png
515,515,10361-541-155_(1-1)_002.png,0,0,0,1,0,0,D:\VS_CODE\Paper\Datafolder\dataset_0\10361-541-155_(1-1)_002.png
516,516,10311-343-621_(2-4)_001.png,0,0,0,1,0,0,D:\VS_CODE\Paper\Datafolder\dataset_0\10311-343-621_(2-4)_001.png
517,517,10344-405-02-155-2_(1-1)_002.png,0,0,0,1,0,0,D:\VS_CODE\Paper\Datafolder\dataset_0\10344-405-02-155-2_(1-1)_002.png
518,518,10311-343-153_(2-1)_003.png,0,0,0,1,0,0,D:\VS_CODE\Paper\Datafolder\dataset_0\10311-343-153_(2-1)_003.png
519,519,10361-541-155_(3-4)_006.png,1,0,1,1,0,0,D:\VS_CODE\Paper\Datafolder\dataset_0\10361-541-155_(3-4)_006.png
520,520,10311-343-153_(1)_006.png,0,0,0,1,0,0,D:\VS_CODE\Paper\Datafolder\dataset_0\10311-343-153_(1)_006.png
521,521,10344-405-02-155-2_(1-7)_004.png,0,0,0,1,0,0,D:\VS_CODE\Paper\Datafolder\dataset_0\10344-405-02-155-2_(1-7)_004.png
522,522,10311-343-153_(4-3)_004.png,0,0,0,1,0,0,D:\VS_CODE\Paper\Datafolder\dataset_0\10311-343-153_(4-3)_004.png
523,523,10311-343-153_001.png,0,0,0,1,0,0,D:\VS_CODE\Paper\Datafolder\dataset_0\10311-343-153_001.png
524,524,10361-541-155_(2-7)_001.png,0,0,0,1,0,0,D:\VS_CODE\Paper\Datafolder\dataset_0\10361-541-155_(2-7)_001.png
525,525,10352-783-06-621_004.png,1,0,1,1,0,0,D:\VS_CODE\Paper\Datafolder\dataset_0\10352-783-06-621_004.png
526,526,10361-541-155_(1-8)_002.png,0,0,0,1,0,0,D:\VS_CODE\Paper\Datafolder\dataset_0\10361-541-155_(1-8)_002.png
527,527,10344-405-02-155-2_(3)_007.png,0,0,0,1,0,0,D:\VS_CODE\Paper\Datafolder\dataset_0\10344-405-02-155-2_(3)_007.png
528,528,10311-343-621_(3-5)_001.png,0,0,0,1,0,0,D:\VS_CODE\Paper\Datafolder\dataset_0\10311-343-621_(3-5)_001.png
529,529,10344-405-02-155-2_(3-3)_007.png,0,0,0,1,0,0,D:\VS_CODE\Paper\Datafolder\dataset_0\10344-405-02-155-2_(3-3)_007.png
530,530,10311-343-153_004.png,0,0,0,1,0,0,D:\VS_CODE\Paper\Datafolder\dataset_0\10311-343-153_004.png
531,531,10361-541-155_(1-7)_006.png,1,0,1,1,0,0,D:\VS_CODE\Paper\Datafolder\dataset_0\10361-541-155_(1-7)_006.png
532,532,10361-541-155_(1-8)_003.png,0,0,0,1,0,0,D:\VS_CODE\Paper\Datafolder\dataset_0\10361-541-155_(1-8)_003.png
533,533,10361-541-155_(1-8)_001.png,0,0,0,1,0,0,D:\VS_CODE\Paper\Datafolder\dataset_0\10361-541-155_(1-8)_001.png
534,534,10311-343-621_(3-6)_008.png,0,0,0,1,0,0,D:\VS_CODE\Paper\Datafolder\dataset_0\10311-343-621_(3-6)_008.png
535,535,10344-405-02-155-2_(1-4)_002.png,0,0,0,1,0,0,D:\VS_CODE\Paper\Datafolder\dataset_0\10344-405-02-155-2_(1-4)_002.png
536,536,10311-343-621_(1-4)_006.png,0,0,0,1,0,0,D:\VS_CODE\Paper\Datafolder\dataset_0\10311-343-621_(1-4)_006.png
537,537,10311-343-153_(4)_007.png,0,0,0,1,0,0,D:\VS_CODE\Paper\Datafolder\dataset_0\10311-343-153_(4)_007.png
538,538,10311-343-153_(5-2)_002.png,0,0,0,1,0,0,D:\VS_CODE\Paper\Datafolder\dataset_0\10311-343-153_(5-2)_002.png
539,539,210907_210_006.png,0,1,0,1,0,0,D:\VS_CODE\Paper\Datafolder\dataset_0\210907_210_006.png
540,540,10311-343-621_(3-4)_006.png,0,0,0,1,0,0,D:\VS_CODE\Paper\Datafolder\dataset_0\10311-343-621_(3-4)_006.png
541,541,10352-603-621_003.png,0,0,0,1,0,0,D:\VS_CODE\Paper\Datafolder\dataset_0\10352-603-621_003.png
542,542,10361-541-155_(2-8)_004.png,0,0,0,1,0,0,D:\VS_CODE\Paper\Datafolder\dataset_0\10361-541-155_(2-8)_004.png
543,543,10311-343-153_(5-1)_004.png,0,0,0,1,0,0,D:\VS_CODE\Paper\Datafolder\dataset_0\10311-343-153_(5-1)_004.png
544,544,10342-203-154_001.png,0,0,0,1,0,0,D:\VS_CODE\Paper\Datafolder\dataset_0\10342-203-154_001.png
545,545,10361-541-155_(2-4)_006.png,1,0,1,1,0,0,D:\VS_CODE\Paper\Datafolder\dataset_0\10361-541-155_(2-4)_006.png
546,546,10361-541-155_(2-5)_001.png,0,0,0,1,0,0,D:\VS_CODE\Paper\Datafolder\dataset_0\10361-541-155_(2-5)_001.png
547,547,10311-343-153_(1)_004.png,0,0,0,1,0,0,D:\VS_CODE\Paper\Datafolder\dataset_0\10311-343-153_(1)_004.png
548,548,10344-405-02-155-2_(2-7)_004.png,0,0,0,1,0,0,D:\VS_CODE\Paper\Datafolder\dataset_0\10344-405-02-155-2_(2-7)_004.png
549,549,10361-541-155_(2-2)_007.png,0,0,0,1,0,0,D:\VS_CODE\Paper\Datafolder\dataset_0\10361-541-155_(2-2)_007.png
550,550,10311-343-621_(1-5)_006.png,0,0,0,1,0,0,D:\VS_CODE\Paper\Datafolder\dataset_0\10311-343-621_(1-5)_006.png
551,551,10311-343-153_(3)_007.png,0,0,0,1,0,0,D:\VS_CODE\Paper\Datafolder\dataset_0\10311-343-153_(3)_007.png
552,552,10311-343-621_(3-1)_003.png,0,0,0,1,0,0,D:\VS_CODE\Paper\Datafolder\dataset_0\10311-343-621_(3-1)_003.png
553,553,10311-343-621_(1-1)_008.png,0,0,0,1,0,0,D:\VS_CODE\Paper\Datafolder\dataset_0\10311-343-621_(1-1)_008.png
554,554,10311-343-621_(2-6)_006.png,0,0,0,1,0,0,D:\VS_CODE\Paper\Datafolder\dataset_0\10311-343-621_(2-6)_006.png
555,555,10311-343-621_(2)_007.png,0,0,0,1,0,0,D:\VS_CODE\Paper\Datafolder\dataset_0\10311-343-621_(2)_007.png
556,556,10344-405-02-155-2_(2-5)_001.png,0,0,0,1,0,0,D:\VS_CODE\Paper\Datafolder\dataset_0\10344-405-02-155-2_(2-5)_001.png
557,557,10311-343-153_(5-4)_003.png,0,0,0,1,0,0,D:\VS_CODE\Paper\Datafolder\dataset_0\10311-343-153_(5-4)_003.png
558,558,210825_311_006.png,0,0,0,0,1,0,D:\VS_CODE\Paper\Datafolder\dataset_0\210825_311_006.png
559,559,10344-405-621-1_008.png,0,0,0,1,1,0,D:\VS_CODE\Paper\Datafolder\dataset_0\10344-405-621-1_008.png
560,560,10311-343-153_(1-4)_001.png,0,0,0,1,0,0,D:\VS_CODE\Paper\Datafolder\dataset_0\10311-343-153_(1-4)_001.png
561,561,10311-343-153_(2-1)_001.png,0,0,0,1,0,0,D:\VS_CODE\Paper\Datafolder\dataset_0\10311-343-153_(2-1)_001.png
562,562,10344-405-02-155-2_(1)_002.png,0,0,0,1,0,0,D:\VS_CODE\Paper\Datafolder\dataset_0\10344-405-02-155-2_(1)_002.png
563,563,10311-343-621_(1-6)_008.png,0,0,0,1,0,0,D:\VS_CODE\Paper\Datafolder\dataset_0\10311-343-621_(1-6)_008.png
564,564,10361-541-155_(1-4)_006.png,1,0,1,1,0,0,D:\VS_CODE\Paper\Datafolder\dataset_0\10361-541-155_(1-4)_006.png
565,565,10361-541-155_(2-9)_002.png,1,0,0,1,0,0,D:\VS_CODE\Paper\Datafolder\dataset_0\10361-541-155_(2-9)_002.png
566,566,10352-783-555_006.png,0,0,1,1,0,0,D:\VS_CODE\Paper\Datafolder\dataset_0\10352-783-555_006.png
567,567,10344-405-02-155-2_(1-4)_006.png,1,0,1,1,0,0,D:\VS_CODE\Paper\Datafolder\dataset_0\10344-405-02-155-2_(1-4)_006.png
568,568,10311-343-621_(2)_008.png,0,0,0,1,0,0,D:\VS_CODE\Paper\Datafolder\dataset_0\10311-343-621_(2)_008.png
569,569,10311-343-153_(5-1)_002.png,0,0,0,1,0,0,D:\VS_CODE\Paper\Datafolder\dataset_0\10311-343-153_(5-1)_002.png
570,570,10311-343-621_(3-9)_008.png,0,0,0,1,0,0,D:\VS_CODE\Paper\Datafolder\dataset_0\10311-343-621_(3-9)_008.png
571,571,10311-343-153_(1-5)_001.png,0,0,0,1,0,0,D:\VS_CODE\Paper\Datafolder\dataset_0\10311-343-153_(1-5)_001.png
572,572,10311-343-153_(5-2)_007.png,0,0,0,1,0,0,D:\VS_CODE\Paper\Datafolder\dataset_0\10311-343-153_(5-2)_007.png
573,573,10344-405-02-155-2_(3-3)_003.png,0,0,0,1,0,0,D:\VS_CODE\Paper\Datafolder\dataset_0\10344-405-02-155-2_(3-3)_003.png
574,574,110257_114_007.png,0,0,0,1,0,0,D:\VS_CODE\Paper\Datafolder\dataset_0\110257_114_007.png
575,575,10344-405-02-155-2_(1-7)_002.png,0,0,0,1,0,0,D:\VS_CODE\Paper\Datafolder\dataset_0\10344-405-02-155-2_(1-7)_002.png
576,576,10311-343-153_(5-3)_004.png,0,0,0,1,0,0,D:\VS_CODE\Paper\Datafolder\dataset_0\10311-343-153_(5-3)_004.png
577,577,10344-405-02-155-2_(3-4)_006.png,1,0,1,1,0,0,D:\VS_CODE\Paper\Datafolder\dataset_0\10344-405-02-155-2_(3-4)_006.png
578,578,10361-541-155_(2-4)_001.png,0,0,0,1,0,0,D:\VS_CODE\Paper\Datafolder\dataset_0\10361-541-155_(2-4)_001.png
579,579,10344-405-02-155-2_(2-7)_008.png,0,0,0,1,0,0,D:\VS_CODE\Paper\Datafolder\dataset_0\10344-405-02-155-2_(2-7)_008.png
580,580,10352-783-06-621_006.png,0,0,0,1,1,0,D:\VS_CODE\Paper\Datafolder\dataset_0\10352-783-06-621_006.png
581,581,10311-343-621_(3-4)_004.png,1,0,1,1,0,0,D:\VS_CODE\Paper\Datafolder\dataset_0\10311-343-621_(3-4)_004.png
582,582,210714_156_006.png,0,1,0,0,0,0,D:\VS_CODE\Paper\Datafolder\dataset_0\210714_156_006.png
583,583,10344-405-621-1_003.png,0,0,0,1,0,0,D:\VS_CODE\Paper\Datafolder\dataset_0\10344-405-621-1_003.png
584,584,10361-541-155_(2-3)_001.png,0,0,0,1,0,0,D:\VS_CODE\Paper\Datafolder\dataset_0\10361-541-155_(2-3)_001.png
585,585,10311-343-621_(2-1)_001.png,0,0,0,1,0,0,D:\VS_CODE\Paper\Datafolder\dataset_0\10311-343-621_(2-1)_001.png
586,586,10344-405-02-155-2_(3-2)_002.png,0,0,0,1,0,0,D:\VS_CODE\Paper\Datafolder\dataset_0\10344-405-02-155-2_(3-2)_002.png
587,587,10344-405-02-155-2_(3-1)_001.png,0,0,0,1,0,0,D:\VS_CODE\Paper\Datafolder\dataset_0\10344-405-02-155-2_(3-1)_001.png
588,588,10311-343-153_(2-1)_002.png,0,0,0,1,0,0,D:\VS_CODE\Paper\Datafolder\dataset_0\10311-343-153_(2-1)_002.png
589,589,10311-343-153_(2-4)_001.png,0,0,0,1,0,0,D:\VS_CODE\Paper\Datafolder\dataset_0\10311-343-153_(2-4)_001.png
590,590,10311-343-153_(2-2)_004.png,0,0,0,1,0,0,D:\VS_CODE\Paper\Datafolder\dataset_0\10311-343-153_(2-2)_004.png
591,591,10311-343-621_(2-6)_004.png,1,0,1,1,0,0,D:\VS_CODE\Paper\Datafolder\dataset_0\10311-343-621_(2-6)_004.png
592,592,10311-343-153_(4)_001.png,0,0,0,1,0,0,D:\VS_CODE\Paper\Datafolder\dataset_0\10311-343-153_(4)_001.png
593,593,10361-541-155_(3-5)_006.png,1,0,1,1,0,0,D:\VS_CODE\Paper\Datafolder\dataset_0\10361-541-155_(3-5)_006.png
594,594,10311-343-153_(2-2)_006.png,0,0,0,1,0,0,D:\VS_CODE\Paper\Datafolder\dataset_0\10311-343-153_(2-2)_006.png
595,595,10311-343-621_(2-8)_007.png,0,0,0,1,0,0,D:\VS_CODE\Paper\Datafolder\dataset_0\10311-343-621_(2-8)_007.png
596,596,210819_552_006.png,0,0,0,1,0,0,D:\VS_CODE\Paper\Datafolder\dataset_0\210819_552_006.png
597,597,10311-343-621_(2-2)_001.png,0,0,0,1,0,0,D:\VS_CODE\Paper\Datafolder\dataset_0\10311-343-621_(2-2)_001.png
598,598,10344-405-02-155-2_(2-3)_002.png,0,0,0,1,0,0,D:\VS_CODE\Paper\Datafolder\dataset_0\10344-405-02-155-2_(2-3)_002.png
599,599,10361-541-155_(1-7)_004.png,0,0,0,1,0,0,D:\VS_CODE\Paper\Datafolder\dataset_0\10361-541-155_(1-7)_004.png
600,600,10361-541-155_(1-6)_003.png,0,0,0,1,0,0,D:\VS_CODE\Paper\Datafolder\dataset_0\10361-541-155_(1-6)_003.png
601,601,10311-343-153_(5)_001.png,0,0,0,1,0,0,D:\VS_CODE\Paper\Datafolder\dataset_0\10311-343-153_(5)_001.png
602,602,10311-343-621_(3-10)_004.png,1,0,1,1,0,0,D:\VS_CODE\Paper\Datafolder\dataset_0\10311-343-621_(3-10)_004.png
603,603,10311-343-621_(2-8)_001.png,0,0,0,1,0,0,D:\VS_CODE\Paper\Datafolder\dataset_0\10311-343-621_(2-8)_001.png
604,604,10311-343-153_(2-3)_003.png,0,0,0,1,0,0,D:\VS_CODE\Paper\Datafolder\dataset_0\10311-343-153_(2-3)_003.png
605,605,10311-343-153_(1-2)_004.png,0,0,0,1,0,0,D:\VS_CODE\Paper\Datafolder\dataset_0\10311-343-153_(1-2)_004.png
606,606,10344-405-02-155-2_(3-3)_006.png,1,0,1,1,0,0,D:\VS_CODE\Paper\Datafolder\dataset_0\10344-405-02-155-2_(3-3)_006.png
607,607,10311-343-153_(3-4)_001.png,0,0,0,1,0,0,D:\VS_CODE\Paper\Datafolder\dataset_0\10311-343-153_(3-4)_001.png
608,608,10311-343-621_(3-6)_006.png,0,0,0,1,0,0,D:\VS_CODE\Paper\Datafolder\dataset_0\10311-343-621_(3-6)_006.png
609,609,10352-603-621_004.png,1,0,1,1,0,0,D:\VS_CODE\Paper\Datafolder\dataset_0\10352-603-621_004.png
610,610,10361-541-155_(1-6)_006.png,1,0,1,1,0,0,D:\VS_CODE\Paper\Datafolder\dataset_0\10361-541-155_(1-6)_006.png
611,611,10311-343-621_(1-1)_006.png,0,0,0,1,0,0,D:\VS_CODE\Paper\Datafolder\dataset_0\10311-343-621_(1-1)_006.png
612,612,10311-343-153_(5-1)_008.png,1,0,1,1,0,0,D:\VS_CODE\Paper\Datafolder\dataset_0\10311-343-153_(5-1)_008.png
613,613,10311-343-153_(1-3)_008.png,1,0,1,1,0,0,D:\VS_CODE\Paper\Datafolder\dataset_0\10311-343-153_(1-3)_008.png
614,614,10344-405-02-155-2_(1-5)_008.png,0,0,0,1,0,0,D:\VS_CODE\Paper\Datafolder\dataset_0\10344-405-02-155-2_(1-5)_008.png
615,615,10311-343-153_(2-2)_001.png,0,0,0,1,0,0,D:\VS_CODE\Paper\Datafolder\dataset_0\10311-343-153_(2-2)_001.png
616,616,10344-405-02-155-2_(3-4)_003.png,0,0,0,1,0,0,D:\VS_CODE\Paper\Datafolder\dataset_0\10344-405-02-155-2_(3-4)_003.png
617,617,10311-343-153_(1-5)_002.png,0,0,0,1,0,0,D:\VS_CODE\Paper\Datafolder\dataset_0\10311-343-153_(1-5)_002.png
618,618,10352-603-553_004.png,0,0,0,1,0,0,D:\VS_CODE\Paper\Datafolder\dataset_0\10352-603-553_004.png
619,619,10311-343-153_(1-6)_007.png,0,0,0,1,0,0,D:\VS_CODE\Paper\Datafolder\dataset_0\10311-343-153_(1-6)_007.png
620,620,10311-343-621_(3-6)_001.png,0,0,0,1,0,0,D:\VS_CODE\Paper\Datafolder\dataset_0\10311-343-621_(3-6)_001.png
621,621,20564-301-157_008.png,0,0,0,1,0,0,D:\VS_CODE\Paper\Datafolder\dataset_0\20564-301-157_008.png
622,622,10344-405-02-155-2_(3-8)_006.png,1,0,1,1,0,0,D:\VS_CODE\Paper\Datafolder\dataset_0\10344-405-02-155-2_(3-8)_006.png
623,623,10311-343-621_(3-4)_003.png,0,0,0,1,0,0,D:\VS_CODE\Paper\Datafolder\dataset_0\10311-343-621_(3-4)_003.png
624,624,10361-541-155_(2-1)_007.png,0,0,0,1,0,0,D:\VS_CODE\Paper\Datafolder\dataset_0\10361-541-155_(2-1)_007.png
625,625,10344-405-02-155-2_(2-7)_001.png,0,0,0,1,0,0,D:\VS_CODE\Paper\Datafolder\dataset_0\10344-405-02-155-2_(2-7)_001.png
626,626,10361-541-155_(3-7)_006.png,1,0,1,1,0,0,D:\VS_CODE\Paper\Datafolder\dataset_0\10361-541-155_(3-7)_006.png
627,627,10344-405-02-155-2_(2-3)_006.png,1,0,1,1,0,0,D:\VS_CODE\Paper\Datafolder\dataset_0\10344-405-02-155-2_(2-3)_006.png
628,628,10311-343-153_(2)_007.png,0,0,0,1,0,0,D:\VS_CODE\Paper\Datafolder\dataset_0\10311-343-153_(2)_007.png
629,629,10344-405-02-155-2_(1-2)_007.png,0,0,0,1,0,0,D:\VS_CODE\Paper\Datafolder\dataset_0\10344-405-02-155-2_(1-2)_007.png
630,630,10361-541-155_(1-1)_006.png,1,0,1,1,0,0,D:\VS_CODE\Paper\Datafolder\dataset_0\10361-541-155_(1-1)_006.png
631,631,10311-343-153_(4)_002.png,0,0,0,1,0,0,D:\VS_CODE\Paper\Datafolder\dataset_0\10311-343-153_(4)_002.png
632,632,10311-343-153_(4-5)_002.png,0,0,0,1,0,0,D:\VS_CODE\Paper\Datafolder\dataset_0\10311-343-153_(4-5)_002.png
633,633,10311-343-153_(5-2)_006.png,0,0,0,1,0,0,D:\VS_CODE\Paper\Datafolder\dataset_0\10311-343-153_(5-2)_006.png
634,634,110257_111_008.png,0,0,0,1,0,0,D:\VS_CODE\Paper\Datafolder\dataset_0\110257_111_008.png
635,635,10311-343-153_(3)_003.png,0,0,0,1,0,0,D:\VS_CODE\Paper\Datafolder\dataset_0\10311-343-153_(3)_003.png
636,636,10344-405-02-155-2_(3-9)_008.png,0,0,0,1,0,0,D:\VS_CODE\Paper\Datafolder\dataset_0\10344-405-02-155-2_(3-9)_008.png
637,637,10344-405-02-155-2_(2-1)_002.png,0,0,0,1,0,0,D:\VS_CODE\Paper\Datafolder\dataset_0\10344-405-02-155-2_(2-1)_002.png
638,638,10344-405-02-155-2_(2-1)_008.png,0,0,0,1,0,0,D:\VS_CODE\Paper\Datafolder\dataset_0\10344-405-02-155-2_(2-1)_008.png
639,639,10311-343-153_(4-3)_006.png,0,0,0,1,0,0,D:\VS_CODE\Paper\Datafolder\dataset_0\10311-343-153_(4-3)_006.png
640,640,10344-405-02-155-2_(1)_001.png,0,0,0,1,0,0,D:\VS_CODE\Paper\Datafolder\dataset_0\10344-405-02-155-2_(1)_001.png
641,641,10311-343-153_(3-1)_001.png,0,0,0,1,0,0,D:\VS_CODE\Paper\Datafolder\dataset_0\10311-343-153_(3-1)_001.png
642,642,10311-343-621_(2-2)_006.png,0,0,0,1,0,0,D:\VS_CODE\Paper\Datafolder\dataset_0\10311-343-621_(2-2)_006.png
643,643,10361-541-155_(1-3)_001.png,0,0,0,1,0,0,D:\VS_CODE\Paper\Datafolder\dataset_0\10361-541-155_(1-3)_001.png
644,644,10311-343-621_(2-4)_006.png,0,0,0,1,0,0,D:\VS_CODE\Paper\Datafolder\dataset_0\10311-343-621_(2-4)_006.png
645,645,10311-343-153_(1-3)_001.png,0,0,0,1,0,0,D:\VS_CODE\Paper\Datafolder\dataset_0\10311-343-153_(1-3)_001.png
646,646,10361-541-155_(2-5)_004.png,1,0,0,1,0,0,D:\VS_CODE\Paper\Datafolder\dataset_0\10361-541-155_(2-5)_004.png
647,647,10361-541-155_(2-2)_006.png,1,0,1,1,0,0,D:\VS_CODE\Paper\Datafolder\dataset_0\10361-541-155_(2-2)_006.png
648,648,10311-343-153_(1-4)_007.png,0,0,0,1,0,0,D:\VS_CODE\Paper\Datafolder\dataset_0\10311-343-153_(1-4)_007.png
649,649,10344-405-02-155-2_(1-5)_004.png,0,0,0,1,0,0,D:\VS_CODE\Paper\Datafolder\dataset_0\10344-405-02-155-2_(1-5)_004.png
650,650,10311-343-153_(4-4)_008.png,1,0,1,1,0,0,D:\VS_CODE\Paper\Datafolder\dataset_0\10311-343-153_(4-4)_008.png
651,651,10311-343-153_(5-4)_002.png,0,0,0,1,0,0,D:\VS_CODE\Paper\Datafolder\dataset_0\10311-343-153_(5-4)_002.png
652,652,10311-343-153_(1-6)_004.png,0,0,0,1,0,0,D:\VS_CODE\Paper\Datafolder\dataset_0\10311-343-153_(1-6)_004.png
653,653,10311-343-153_(4-2)_001.png,0,0,0,1,0,0,D:\VS_CODE\Paper\Datafolder\dataset_0\10311-343-153_(4-2)_001.png
654,654,10311-343-153_(1-3)_007.png,0,0,0,1,0,0,D:\VS_CODE\Paper\Datafolder\dataset_0\10311-343-153_(1-3)_007.png
655,655,10311-343-621_(1-6)_004.png,1,0,1,1,0,0,D:\VS_CODE\Paper\Datafolder\dataset_0\10311-343-621_(1-6)_004.png
656,656,10311-343-621_(1-1)_003.png,0,0,0,1,0,0,D:\VS_CODE\Paper\Datafolder\dataset_0\10311-343-621_(1-1)_003.png
657,657,10311-343-153_(4-1)_001.png,0,0,0,1,0,0,D:\VS_CODE\Paper\Datafolder\dataset_0\10311-343-153_(4-1)_001.png
658,658,10311-343-153_(1-1)_004.png,0,0,0,1,0,0,D:\VS_CODE\Paper\Datafolder\dataset_0\10311-343-153_(1-1)_004.png
659,659,10361-541-155_(1-5)_007.png,0,0,0,1,0,0,D:\VS_CODE\Paper\Datafolder\dataset_0\10361-541-155_(1-5)_007.png
660,660,10311-343-621_(3-5)_008.png,0,0,0,1,0,0,D:\VS_CODE\Paper\Datafolder\dataset_0\10311-343-621_(3-5)_008.png
661,661,10311-343-621_(3-5)_003.png,0,0,0,1,0,0,D:\VS_CODE\Paper\Datafolder\dataset_0\10311-343-621_(3-5)_003.png
662,662,10344-405-02-155-2_(3-7)_004.png,0,0,0,1,0,0,D:\VS_CODE\Paper\Datafolder\dataset_0\10344-405-02-155-2_(3-7)_004.png
663,663,10361-541-155_(2-7)_007.png,0,0,0,1,0,0,D:\VS_CODE\Paper\Datafolder\dataset_0\10361-541-155_(2-7)_007.png
664,664,10311-343-153_(2-4)_003.png,0,0,0,1,0,0,D:\VS_CODE\Paper\Datafolder\dataset_0\10311-343-153_(2-4)_003.png
665,665,10311-343-153_(5-3)_001.png,0,0,0,1,0,0,D:\VS_CODE\Paper\Datafolder\dataset_0\10311-343-153_(5-3)_001.png
666,666,210826_110_008.png,0,1,0,1,0,0,D:\VS_CODE\Paper\Datafolder\dataset_0\210826_110_008.png
667,667,10311-343-153_(2-2)_007.png,0,0,0,1,0,0,D:\VS_CODE\Paper\Datafolder\dataset_0\10311-343-153_(2-2)_007.png
668,668,10352-603-553_006.png,0,0,0,1,0,0,D:\VS_CODE\Paper\Datafolder\dataset_0\10352-603-553_006.png
669,669,10344-405-02-155-2_(2-9)_002.png,0,0,0,1,0,0,D:\VS_CODE\Paper\Datafolder\dataset_0\10344-405-02-155-2_(2-9)_002.png
670,670,10361-541-155_(2-6)_007.png,0,0,0,1,0,0,D:\VS_CODE\Paper\Datafolder\dataset_0\10361-541-155_(2-6)_007.png
671,671,10311-343-621_(1-2)_004.png,1,0,1,1,0,0,D:\VS_CODE\Paper\Datafolder\dataset_0\10311-343-621_(1-2)_004.png
672,672,10352-603-154_T1_007.png,0,0,0,1,0,0,D:\VS_CODE\Paper\Datafolder\dataset_0\10352-603-154_T1_007.png
673,673,10361-541-155_(1-3)_007.png,0,0,0,1,0,0,D:\VS_CODE\Paper\Datafolder\dataset_0\10361-541-155_(1-3)_007.png
674,674,10311-343-621_(2)_003.png,0,0,0,1,0,0,D:\VS_CODE\Paper\Datafolder\dataset_0\10311-343-621_(2)_003.png
675,675,10311-343-621_(1-6)_007.png,0,0,0,1,0,0,D:\VS_CODE\Paper\Datafolder\dataset_0\10311-343-621_(1-6)_007.png
676,676,10311-343-153_(5-4)_006.png,0,0,0,1,0,0,D:\VS_CODE\Paper\Datafolder\dataset_0\10311-343-153_(5-4)_006.png
677,677,10344-405-02-155-2_(2-8)_004.png,0,0,0,1,0,0,D:\VS_CODE\Paper\Datafolder\dataset_0\10344-405-02-155-2_(2-8)_004.png
678,678,210713_153_T3_004.png,0,0,1,1,0,0,D:\VS_CODE\Paper\Datafolder\dataset_0\210713_153_T3_004.png
679,679,10361-541-155_(1-5)_004.png,0,0,0,1,0,0,D:\VS_CODE\Paper\Datafolder\dataset_0\10361-541-155_(1-5)_004.png
680,680,10311-343-621_(3-9)_001.png,0,0,0,1,0,0,D:\VS_CODE\Paper\Datafolder\dataset_0\10311-343-621_(3-9)_001.png
681,681,10339-783-554_001.png,0,0,0,1,0,0,D:\VS_CODE\Paper\Datafolder\dataset_0\10339-783-554_001.png
682,682,10344-405-02-155-2_(3-5)_004.png,0,0,0,1,0,0,D:\VS_CODE\Paper\Datafolder\dataset_0\10344-405-02-155-2_(3-5)_004.png
683,683,10362-603-155_t1_008.png,1,0,1,1,0,0,D:\VS_CODE\Paper\Datafolder\dataset_0\10362-603-155_t1_008.png
684,684,10311-343-621_(2-5)_004.png,1,0,1,1,0,0,D:\VS_CODE\Paper\Datafolder\dataset_0\10311-343-621_(2-5)_004.png
685,685,210713_153_T3_008.png,1,0,1,1,0,0,D:\VS_CODE\Paper\Datafolder\dataset_0\210713_153_T3_008.png
686,686,10311-343-153_(1-6)_006.png,0,0,0,1,0,0,D:\VS_CODE\Paper\Datafolder\dataset_0\10311-343-153_(1-6)_006.png
687,687,10311-343-153_(2-5)_006.png,0,0,0,1,0,0,D:\VS_CODE\Paper\Datafolder\dataset_0\10311-343-153_(2-5)_006.png
688,688,10352-603-621_007.png,0,0,0,1,0,0,D:\VS_CODE\Paper\Datafolder\dataset_0\10352-603-621_007.png
689,689,10344-405-02-155-2_(2-1)_006.png,1,0,1,1,0,0,D:\VS_CODE\Paper\Datafolder\dataset_0\10344-405-02-155-2_(2-1)_006.png
690,690,10311-343-153_(3-3)_004.png,0,0,0,1,0,0,D:\VS_CODE\Paper\Datafolder\dataset_0\10311-343-153_(3-3)_004.png
691,691,10344-405-02-155-2_(3-7)_006.png,1,0,1,1,0,0,D:\VS_CODE\Paper\Datafolder\dataset_0\10344-405-02-155-2_(3-7)_006.png
692,692,10361-541-155_(1-2)_002.png,0,0,0,1,0,0,D:\VS_CODE\Paper\Datafolder\dataset_0\10361-541-155_(1-2)_002.png
693,693,10344-405-02-155-2_(2-1)_004.png,0,0,0,1,0,0,D:\VS_CODE\Paper\Datafolder\dataset_0\10344-405-02-155-2_(2-1)_004.png
694,694,10352-783-152_006.png,0,0,0,0,1,0,D:\VS_CODE\Paper\Datafolder\dataset_0\10352-783-152_006.png
695,695,10344-405-02-155-2_(1-2)_006.png,1,0,1,1,0,0,D:\VS_CODE\Paper\Datafolder\dataset_0\10344-405-02-155-2_(1-2)_006.png
696,696,10361-541-155_(1-4)_002.png,0,0,0,1,0,0,D:\VS_CODE\Paper\Datafolder\dataset_0\10361-541-155_(1-4)_002.png
697,697,10344-405-02-155-2_(3-9)_002.png,0,0,0,1,0,0,D:\VS_CODE\Paper\Datafolder\dataset_0\10344-405-02-155-2_(3-9)_002.png
698,698,10361-541-155_(2-5)_006.png,1,0,1,1,0,0,D:\VS_CODE\Paper\Datafolder\dataset_0\10361-541-155_(2-5)_006.png
699,699,10344-405-02-155-2_(2-4)_007.png,0,0,0,1,0,0,D:\VS_CODE\Paper\Datafolder\dataset_0\10344-405-02-155-2_(2-4)_007.png
700,700,10361-541-155_(2-3)_007.png,0,0,0,1,0,0,D:\VS_CODE\Paper\Datafolder\dataset_0\10361-541-155_(2-3)_007.png
701,701,10361-541-155_(1)_001.png,0,0,0,1,0,0,D:\VS_CODE\Paper\Datafolder\dataset_0\10361-541-155_(1)_001.png
702,702,10344-405-02-155-2_(1-7)_003.png,0,0,0,1,0,0,D:\VS_CODE\Paper\Datafolder\dataset_0\10344-405-02-155-2_(1-7)_003.png
703,703,10361-541-155_(3)_003.png,0,0,0,1,0,0,D:\VS_CODE\Paper\Datafolder\dataset_0\10361-541-155_(3)_003.png
704,704,10311-343-621_(1-8)_008.png,0,0,0,1,0,0,D:\VS_CODE\Paper\Datafolder\dataset_0\10311-343-621_(1-8)_008.png
705,705,10311-343-621_(1-4)_003.png,0,0,0,1,0,0,D:\VS_CODE\Paper\Datafolder\dataset_0\10311-343-621_(1-4)_003.png
706,706,10344-405-02-155-2_(3-1)_007.png,0,0,0,1,0,0,D:\VS_CODE\Paper\Datafolder\dataset_0\10344-405-02-155-2_(3-1)_007.png
707,707,10344-405-02-155-2_(1)_007.png,0,0,0,1,0,0,D:\VS_CODE\Paper\Datafolder\dataset_0\10344-405-02-155-2_(1)_007.png
708,708,10311-343-153_(5)_008.png,1,0,1,1,0,0,D:\VS_CODE\Paper\Datafolder\dataset_0\10311-343-153_(5)_008.png
709,709,10344-405-02-155-2_(2-5)_008.png,0,0,0,1,0,0,D:\VS_CODE\Paper\Datafolder\dataset_0\10344-405-02-155-2_(2-5)_008.png
710,710,10311-343-621_(1-3)_008.png,0,0,0,1,0,0,D:\VS_CODE\Paper\Datafolder\dataset_0\10311-343-621_(1-3)_008.png
711,711,10311-343-153_(5-1)_001.png,0,0,0,1,0,0,D:\VS_CODE\Paper\Datafolder\dataset_0\10311-343-153_(5-1)_001.png
712,712,10344-405-02-155-2_(3-3)_004.png,0,0,0,1,0,0,D:\VS_CODE\Paper\Datafolder\dataset_0\10344-405-02-155-2_(3-3)_004.png
713,713,10311-343-621_(1-1)_007.png,0,0,0,1,0,0,D:\VS_CODE\Paper\Datafolder\dataset_0\10311-343-621_(1-1)_007.png
714,714,10311-343-621_(2-2)_007.png,0,0,0,1,0,0,D:\VS_CODE\Paper\Datafolder\dataset_0\10311-343-621_(2-2)_007.png
715,715,10344-405-02-155-2_(3-6)_008.png,0,0,0,1,0,0,D:\VS_CODE\Paper\Datafolder\dataset_0\10344-405-02-155-2_(3-6)_008.png
716,716,10311-343-153_(4)_008.png,1,0,1,1,0,0,D:\VS_CODE\Paper\Datafolder\dataset_0\10311-343-153_(4)_008.png
717,717,10361-541-155_(2-9)_001.png,0,0,0,1,0,0,D:\VS_CODE\Paper\Datafolder\dataset_0\10361-541-155_(2-9)_001.png
718,718,10311-343-621_(2-2)_003.png,0,0,0,1,0,0,D:\VS_CODE\Paper\Datafolder\dataset_0\10311-343-621_(2-2)_003.png
719,719,10311-343-153_(1-3)_002.png,0,0,0,1,0,0,D:\VS_CODE\Paper\Datafolder\dataset_0\10311-343-153_(1-3)_002.png
720,720,10344-405-02-155-2_(1)_006.png,1,0,1,1,0,0,D:\VS_CODE\Paper\Datafolder\dataset_0\10344-405-02-155-2_(1)_006.png
721,721,10311-343-153_(3-3)_002.png,0,0,0,1,0,0,D:\VS_CODE\Paper\Datafolder\dataset_0\10311-343-153_(3-3)_002.png
722,722,10311-343-621_(3-3)_004.png,1,0,1,1,0,0,D:\VS_CODE\Paper\Datafolder\dataset_0\10311-343-621_(3-3)_004.png
723,723,10342-203-154_003.png,0,0,0,1,0,0,D:\VS_CODE\Paper\Datafolder\dataset_0\10342-203-154_003.png
724,724,10311-343-621_(1-6)_001.png,0,0,0,1,0,0,D:\VS_CODE\Paper\Datafolder\dataset_0\10311-343-621_(1-6)_001.png
725,725,10311-343-153_(1)_002.png,0,0,0,1,0,0,D:\VS_CODE\Paper\Datafolder\dataset_0\10311-343-153_(1)_002.png
726,726,10344-405-02-155-2_(2-5)_002.png,0,0,0,1,0,0,D:\VS_CODE\Paper\Datafolder\dataset_0\10344-405-02-155-2_(2-5)_002.png
727,727,10311-343-153_(4-2)_006.png,0,0,0,1,0,0,D:\VS_CODE\Paper\Datafolder\dataset_0\10311-343-153_(4-2)_006.png
728,728,10311-343-621_(2-8)_008.png,0,0,0,1,0,0,D:\VS_CODE\Paper\Datafolder\dataset_0\10311-343-621_(2-8)_008.png
729,729,10361-541-155_(2-2)_004.png,0,0,0,1,0,0,D:\VS_CODE\Paper\Datafolder\dataset_0\10361-541-155_(2-2)_004.png
730,730,10344-405-02-155-2_(1-1)_004.png,0,0,0,1,0,0,D:\VS_CODE\Paper\Datafolder\dataset_0\10344-405-02-155-2_(1-1)_004.png
731,731,10344-405-02-155-2_(2-4)_008.png,0,0,0,1,0,0,D:\VS_CODE\Paper\Datafolder\dataset_0\10344-405-02-155-2_(2-4)_008.png
732,732,10311-343-621_(1-3)_001.png,0,0,0,1,0,0,D:\VS_CODE\Paper\Datafolder\dataset_0\10311-343-621_(1-3)_001.png
733,733,10344-405-02-155-2_(3-5)_006.png,1,0,1,1,0,0,D:\VS_CODE\Paper\Datafolder\dataset_0\10344-405-02-155-2_(3-5)_006.png
734,734,10311-343-153_(5-3)_006.png,0,0,0,1,0,0,D:\VS_CODE\Paper\Datafolder\dataset_0\10311-343-153_(5-3)_006.png
735,735,10311-343-153_(1-2)_003.png,0,0,0,1,0,0,D:\VS_CODE\Paper\Datafolder\dataset_0\10311-343-153_(1-2)_003.png
736,736,10344-405-02-155-2_(2-9)_006.png,1,0,1,1,0,0,D:\VS_CODE\Paper\Datafolder\dataset_0\10344-405-02-155-2_(2-9)_006.png
737,737,10311-343-621_(1-3)_004.png,1,0,1,1,0,0,D:\VS_CODE\Paper\Datafolder\dataset_0\10311-343-621_(1-3)_004.png
738,738,10346-263-155_001.png,0,0,0,1,0,0,D:\VS_CODE\Paper\Datafolder\dataset_0\10346-263-155_001.png
739,739,10344-405-02-155-2_(2-7)_003.png,0,0,0,1,0,0,D:\VS_CODE\Paper\Datafolder\dataset_0\10344-405-02-155-2_(2-7)_003.png
740,740,10311-343-153_(1-1)_003.png,0,0,0,1,0,0,D:\VS_CODE\Paper\Datafolder\dataset_0\10311-343-153_(1-1)_003.png
741,741,10311-343-621_(3-7)_003.png,0,0,0,1,0,0,D:\VS_CODE\Paper\Datafolder\dataset_0\10311-343-621_(3-7)_003.png
742,742,10311-343-153_(5-4)_004.png,0,0,0,1,0,0,D:\VS_CODE\Paper\Datafolder\dataset_0\10311-343-153_(5-4)_004.png
743,743,10344-405-02-155-2_(2-8)_001.png,0,0,0,1,0,0,D:\VS_CODE\Paper\Datafolder\dataset_0\10344-405-02-155-2_(2-8)_001.png
744,744,10311-343-621_(2-7)_007.png,0,0,0,1,0,0,D:\VS_CODE\Paper\Datafolder\dataset_0\10311-343-621_(2-7)_007.png
745,745,10311-343-621_(3)_001.png,0,0,0,1,0,0,D:\VS_CODE\Paper\Datafolder\dataset_0\10311-343-621_(3)_001.png
746,746,10311-343-153_(5-4)_008.png,1,0,1,1,0,0,D:\VS_CODE\Paper\Datafolder\dataset_0\10311-343-153_(5-4)_008.png
747,747,10344-405-02-155-2_(3)_002.png,0,0,0,1,0,0,D:\VS_CODE\Paper\Datafolder\dataset_0\10344-405-02-155-2_(3)_002.png
748,748,10344-405-02-155-2_(2-4)_006.png,1,0,1,1,0,0,D:\VS_CODE\Paper\Datafolder\dataset_0\10344-405-02-155-2_(2-4)_006.png
749,749,10311-343-153_(2-5)_002.png,0,0,0,1,0,0,D:\VS_CODE\Paper\Datafolder\dataset_0\10311-343-153_(2-5)_002.png
750,750,10311-343-621_(1)_001.png,0,0,0,1,0,0,D:\VS_CODE\Paper\Datafolder\dataset_0\10311-343-621_(1)_001.png
751,751,10344-405-02-155-2_(1-2)_002.png,0,0,0,1,0,0,D:\VS_CODE\Paper\Datafolder\dataset_0\10344-405-02-155-2_(1-2)_002.png
752,752,10311-343-153_(1-4)_008.png,1,0,1,1,0,0,D:\VS_CODE\Paper\Datafolder\dataset_0\10311-343-153_(1-4)_008.png
753,753,10311-343-621_(1-8)_007.png,0,0,0,1,0,0,D:\VS_CODE\Paper\Datafolder\dataset_0\10311-343-621_(1-8)_007.png
754,754,10361-541-155_(1-2)_004.png,0,0,0,1,0,0,D:\VS_CODE\Paper\Datafolder\dataset_0\10361-541-155_(1-2)_004.png
755,755,10311-343-153_006.png,0,0,0,1,0,0,D:\VS_CODE\Paper\Datafolder\dataset_0\10311-343-153_006.png
756,756,10311-343-621_(2-8)_004.png,1,0,1,1,0,0,D:\VS_CODE\Paper\Datafolder\dataset_0\10311-343-621_(2-8)_004.png
757,757,10311-343-621_(2-7)_003.png,0,0,0,1,0,0,D:\VS_CODE\Paper\Datafolder\dataset_0\10311-343-621_(2-7)_003.png
758,758,10344-405-02-155-2_(1-6)_008.png,0,0,0,1,0,0,D:\VS_CODE\Paper\Datafolder\dataset_0\10344-405-02-155-2_(1-6)_008.png
759,759,10311-343-153_(3-5)_006.png,0,0,0,1,0,0,D:\VS_CODE\Paper\Datafolder\dataset_0\10311-343-153_(3-5)_006.png
760,760,10344-405-02-155-2_(1-1)_006.png,1,0,1,1,0,0,D:\VS_CODE\Paper\Datafolder\dataset_0\10344-405-02-155-2_(1-1)_006.png
761,761,10311-343-621_(1-7)_001.png,0,0,0,1,0,0,D:\VS_CODE\Paper\Datafolder\dataset_0\10311-343-621_(1-7)_001.png
762,762,10311-343-621_(3-3)_003.png,0,0,0,1,0,0,D:\VS_CODE\Paper\Datafolder\dataset_0\10311-343-621_(3-3)_003.png
763,763,10311-343-153_(4-4)_004.png,0,0,0,1,0,0,D:\VS_CODE\Paper\Datafolder\dataset_0\10311-343-153_(4-4)_004.png
764,764,110257_113_008.png,0,0,1,1,0,0,D:\VS_CODE\Paper\Datafolder\dataset_0\110257_113_008.png
765,765,10352-783-555_002.png,0,0,0,1,0,0,D:\VS_CODE\Paper\Datafolder\dataset_0\10352-783-555_002.png
766,766,10344-405-02-155-2_(2-8)_006.png,1,0,1,1,0,0,D:\VS_CODE\Paper\Datafolder\dataset_0\10344-405-02-155-2_(2-8)_006.png
767,767,10361-541-155_(1-4)_001.png,0,0,0,1,0,0,D:\VS_CODE\Paper\Datafolder\dataset_0\10361-541-155_(1-4)_001.png
768,768,10352-783-555_007.png,0,0,0,1,0,0,D:\VS_CODE\Paper\Datafolder\dataset_0\10352-783-555_007.png
769,769,10311-343-153_(3-1)_002.png,0,0,0,1,0,0,D:\VS_CODE\Paper\Datafolder\dataset_0\10311-343-153_(3-1)_002.png
770,770,10344-405-02-155-2_(2-7)_002.png,0,0,0,1,0,0,D:\VS_CODE\Paper\Datafolder\dataset_0\10344-405-02-155-2_(2-7)_002.png
771,771,10311-343-621_(3-8)_003.png,0,0,0,1,0,0,D:\VS_CODE\Paper\Datafolder\dataset_0\10311-343-621_(3-8)_003.png
772,772,10311-343-621_(3-6)_004.png,1,0,1,1,0,0,D:\VS_CODE\Paper\Datafolder\dataset_0\10311-343-621_(3-6)_004.png
773,773,10361-541-155_(1-2)_007.png,0,0,0,1,0,0,D:\VS_CODE\Paper\Datafolder\dataset_0\10361-541-155_(1-2)_007.png
774,774,10361-541-155_(2-3)_006.png,1,0,1,1,0,0,D:\VS_CODE\Paper\Datafolder\dataset_0\10361-541-155_(2-3)_006.png
775,775,10344-405-02-155-2_(2-9)_001.png,0,0,0,1,0,0,D:\VS_CODE\Paper\Datafolder\dataset_0\10344-405-02-155-2_(2-9)_001.png
776,776,10344-405-621-1_004.png,1,0,1,1,0,0,D:\VS_CODE\Paper\Datafolder\dataset_0\10344-405-621-1_004.png
777,777,10311-343-621_(2-1)_008.png,0,0,0,1,0,0,D:\VS_CODE\Paper\Datafolder\dataset_0\10311-343-621_(2-1)_008.png
778,778,10344-405-02-155-2_(3-1)_004.png,0,0,0,1,0,0,D:\VS_CODE\Paper\Datafolder\dataset_0\10344-405-02-155-2_(3-1)_004.png
779,779,10311-343-153_(4-5)_003.png,0,0,0,1,0,0,D:\VS_CODE\Paper\Datafolder\dataset_0\10311-343-153_(4-5)_003.png
780,780,10344-405-02-155-2_(1-3)_003.png,0,0,0,1,0,0,D:\VS_CODE\Paper\Datafolder\dataset_0\10344-405-02-155-2_(1-3)_003.png
781,781,10311-343-621_(2-4)_008.png,0,0,0,1,0,0,D:\VS_CODE\Paper\Datafolder\dataset_0\10311-343-621_(2-4)_008.png
782,782,10311-343-153_003.png,0,0,0,1,0,0,D:\VS_CODE\Paper\Datafolder\dataset_0\10311-343-153_003.png
783,783,10344-405-02-155-2_(2-3)_001.png,0,0,0,1,0,0,D:\VS_CODE\Paper\Datafolder\dataset_0\10344-405-02-155-2_(2-3)_001.png
784,784,10352-603-553_002.png,0,0,0,1,0,0,D:\VS_CODE\Paper\Datafolder\dataset_0\10352-603-553_002.png
785,785,10311-343-621_(2-2)_004.png,1,0,1,1,0,0,D:\VS_CODE\Paper\Datafolder\dataset_0\10311-343-621_(2-2)_004.png
786,786,10344-405-02-155-2_(1-5)_006.png,1,0,1,1,0,0,D:\VS_CODE\Paper\Datafolder\dataset_0\10344-405-02-155-2_(1-5)_006.png
787,787,10344-405-02-155-2_(2)_007.png,0,0,0,1,0,0,D:\VS_CODE\Paper\Datafolder\dataset_0\10344-405-02-155-2_(2)_007.png
788,788,10361-541-155_(1-1)_007.png,0,0,0,1,0,0,D:\VS_CODE\Paper\Datafolder\dataset_0\10361-541-155_(1-1)_007.png
789,789,10344-405-02-155-2_(2-9)_008.png,0,0,0,1,0,0,D:\VS_CODE\Paper\Datafolder\dataset_0\10344-405-02-155-2_(2-9)_008.png
790,790,10311-343-153_(5-4)_001.png,0,0,0,1,0,0,D:\VS_CODE\Paper\Datafolder\dataset_0\10311-343-153_(5-4)_001.png
791,791,10344-405-02-155-2_(1-6)_002.png,0,0,0,1,0,0,D:\VS_CODE\Paper\Datafolder\dataset_0\10344-405-02-155-2_(1-6)_002.png
792,792,10344-405-02-155-2_(2-2)_001.png,0,0,0,1,0,0,D:\VS_CODE\Paper\Datafolder\dataset_0\10344-405-02-155-2_(2-2)_001.png
793,793,10344-405-02-155-2_(1-1)_007.png,0,0,0,1,0,0,D:\VS_CODE\Paper\Datafolder\dataset_0\10344-405-02-155-2_(1-1)_007.png
794,794,10311-343-621_(3)_007.png,0,0,0,1,0,0,D:\VS_CODE\Paper\Datafolder\dataset_0\10311-343-621_(3)_007.png
795,795,10361-541-155_(1-6)_004.png,0,0,0,1,0,0,D:\VS_CODE\Paper\Datafolder\dataset_0\10361-541-155_(1-6)_004.png
796,796,10361-541-155_(1-8)_004.png,0,0,0,1,0,0,D:\VS_CODE\Paper\Datafolder\dataset_0\10361-541-155_(1-8)_004.png
797,797,10311-343-153_(1-2)_008.png,1,0,1,1,0,0,D:\VS_CODE\Paper\Datafolder\dataset_0\10311-343-153_(1-2)_008.png
798,798,10311-343-621_(2-1)_007.png,0,0,0,1,0,0,D:\VS_CODE\Paper\Datafolder\dataset_0\10311-343-621_(2-1)_007.png
799,799,10361-541-155_(2-5)_002.png,0,0,0,1,0,0,D:\VS_CODE\Paper\Datafolder\dataset_0\10361-541-155_(2-5)_002.png
800,800,10311-343-153_(3)_008.png,1,0,1,1,0,0,D:\VS_CODE\Paper\Datafolder\dataset_0\10311-343-153_(3)_008.png
801,801,10344-405-02-155-2_(3-2)_006.png,1,0,1,1,0,0,D:\VS_CODE\Paper\Datafolder\dataset_0\10344-405-02-155-2_(3-2)_006.png
802,802,10344-405-02-155-2_(2-2)_008.png,0,0,0,1,0,0,D:\VS_CODE\Paper\Datafolder\dataset_0\10344-405-02-155-2_(2-2)_008.png
803,803,10344-405-02-155-2_(1-4)_004.png,0,0,0,1,0,0,D:\VS_CODE\Paper\Datafolder\dataset_0\10344-405-02-155-2_(1-4)_004.png
804,804,10311-343-621_006.png,0,0,0,1,0,0,D:\VS_CODE\Paper\Datafolder\dataset_0\10311-343-621_006.png
805,805,10352-603-153_T1_001.png,0,0,0,1,0,0,D:\VS_CODE\Paper\Datafolder\dataset_0\10352-603-153_T1_001.png
806,806,10344-405-02-155-2_(1-2)_001.png,0,0,0,1,0,0,D:\VS_CODE\Paper\Datafolder\dataset_0\10344-405-02-155-2_(1-2)_001.png
807,807,10311-343-153_(2-3)_002.png,0,0,0,1,0,0,D:\VS_CODE\Paper\Datafolder\dataset_0\10311-343-153_(2-3)_002.png
808,808,10311-343-153_(1-1)_001.png,0,0,0,1,0,0,D:\VS_CODE\Paper\Datafolder\dataset_0\10311-343-153_(1-1)_001.png
809,809,10344-405-02-155-2_(2-8)_008.png,0,0,0,1,0,0,D:\VS_CODE\Paper\Datafolder\dataset_0\10344-405-02-155-2_(2-8)_008.png
810,810,10311-343-621_(2-7)_008.png,0,0,0,1,0,0,D:\VS_CODE\Paper\Datafolder\dataset_0\10311-343-621_(2-7)_008.png
811,811,10361-541-155_(3)_001.png,0,0,0,1,0,0,D:\VS_CODE\Paper\Datafolder\dataset_0\10361-541-155_(3)_001.png
812,812,10311-343-153_(5)_003.png,0,0,0,1,0,0,D:\VS_CODE\Paper\Datafolder\dataset_0\10311-343-153_(5)_003.png
813,813,10361-541-155_(1)_004.png,0,0,0,1,0,0,D:\VS_CODE\Paper\Datafolder\dataset_0\10361-541-155_(1)_004.png
814,814,10361-541-155_(2)_007.png,0,0,0,1,0,0,D:\VS_CODE\Paper\Datafolder\dataset_0\10361-541-155_(2)_007.png
815,815,10346-263-155_002.png,0,0,0,1,0,0,D:\VS_CODE\Paper\Datafolder\dataset_0\10346-263-155_002.png
816,816,10352-603-154_T1_001.png,0,0,0,1,0,0,D:\VS_CODE\Paper\Datafolder\dataset_0\10352-603-154_T1_001.png
817,817,10344-405-02-155-2_(1-8)_002.png,0,0,0,1,0,0,D:\VS_CODE\Paper\Datafolder\dataset_0\10344-405-02-155-2_(1-8)_002.png
818,818,10361-541-155_(2-6)_004.png,0,0,0,1,0,0,D:\VS_CODE\Paper\Datafolder\dataset_0\10361-541-155_(2-6)_004.png
819,819,10352-783-06-621_008.png,0,0,0,1,1,0,D:\VS_CODE\Paper\Datafolder\dataset_0\10352-783-06-621_008.png
820,820,10311-343-621_(2-3)_007.png,0,0,0,1,0,0,D:\VS_CODE\Paper\Datafolder\dataset_0\10311-343-621_(2-3)_007.png
821,821,110284_110_008.png,0,0,0,1,1,0,D:\VS_CODE\Paper\Datafolder\dataset_0\110284_110_008.png
822,822,110284_211_006.png,0,1,0,1,0,0,D:\VS_CODE\Paper\Datafolder\dataset_0\110284_211_006.png
823,823,10344-405-02-155-2_(3-6)_006.png,1,0,1,1,0,0,D:\VS_CODE\Paper\Datafolder\dataset_0\10344-405-02-155-2_(3-6)_006.png
824,824,10344-405-02-155-2_(1-6)_006.png,1,0,1,1,0,0,D:\VS_CODE\Paper\Datafolder\dataset_0\10344-405-02-155-2_(1-6)_006.png
825,825,10346-263-155_003.png,0,0,0,1,0,0,D:\VS_CODE\Paper\Datafolder\dataset_0\10346-263-155_003.png
826,826,110286_215_008.png,0,0,0,1,1,0,D:\VS_CODE\Paper\Datafolder\dataset_0\110286_215_008.png
827,827,10311-343-153_(3-1)_006.png,0,0,0,1,0,0,D:\VS_CODE\Paper\Datafolder\dataset_0\10311-343-153_(3-1)_006.png
828,828,10344-405-02-155-2_(3-9)_007.png,0,0,0,1,0,0,D:\VS_CODE\Paper\Datafolder\dataset_0\10344-405-02-155-2_(3-9)_007.png
829,829,10311-343-621_(2-3)_001.png,0,0,0,1,0,0,D:\VS_CODE\Paper\Datafolder\dataset_0\10311-343-621_(2-3)_001.png
830,830,10361-541-155_(1-7)_001.png,0,0,0,1,0,0,D:\VS_CODE\Paper\Datafolder\dataset_0\10361-541-155_(1-7)_001.png
831,831,10361-541-155_(2-4)_002.png,0,0,0,1,0,0,D:\VS_CODE\Paper\Datafolder\dataset_0\10361-541-155_(2-4)_002.png
832,832,10361-541-155_(1-3)_002.png,0,0,0,1,0,0,D:\VS_CODE\Paper\Datafolder\dataset_0\10361-541-155_(1-3)_002.png
